Customer ID,Recency,Frequency,Monetary,R_score,F_score,M_score,RFM_score,Cluster,Segment
12346,530,2,169.36,1,2,1,4,0,Lost
12347,3,8,4921.53,5,4,5,14,3,Champions
12348,76,5,1658.4,3,4,4,11,2,At risk
12349,19,3,3678.69,5,3,5,13,1,Promising
12350,311,1,294.40000000000003,2,1,2,5,0,Lost
12351,376,1,300.93,2,1,2,5,0,Lost
12352,37,8,1609.21,4,4,4,12,2,At risk
12353,205,2,406.76,2,2,2,6,0,Lost
12354,233,1,1079.4,2,1,3,6,0,Lost
12355,215,2,947.61,2,2,3,7,2,At risk
12356,23,6,5611.7300000000005,4,4,5,13,3,Champions
12357,34,2,17437.66,4,2,5,11,2,At risk
12358,2,5,3447.07,5,4,5,14,3,Champions
12359,58,10,8765.29,4,5,5,14,3,Champions
12360,53,6,3612.89,4,4,5,13,2,At risk
12361,288,4,451.25,2,3,2,7,2,At risk
12362,4,10,4688.38,5,5,5,15,3,Champions
12363,110,2,552.0,3,2,2,7,0,Lost
12364,8,4,1208.1,5,3,4,12,1,Promising
12365,292,1,320.69,2,1,2,5,0,Lost
12366,634,1,500.24,1,1,2,4,0,Lost
12367,5,1,150.9,5,1,1,7,1,Promising
12368,629,1,917.7,1,1,3,5,0,Lost
12369,414,3,1511.15,1,3,4,8,2,At risk
12370,52,7,3956.56,4,4,5,13,2,At risk
12371,60,4,3347.38,3,3,5,11,2,At risk
12372,72,3,1196.04,3,3,4,10,2,At risk
12373,312,3,927.65,2,3,3,8,2,At risk
12374,26,3,2669.2200000000003,4,3,4,11,1,Promising
12375,11,2,377.5,5,2,2,9,1,Promising
12376,390,2,383.15,2,2,2,6,0,Lost
12377,316,4,3266.32,2,3,5,10,2,At risk
12378,130,2,5416.32,3,2,5,10,2,At risk
12379,82,4,1470.22,3,3,4,10,2,At risk
12380,22,8,7175.25,4,4,5,13,3,Champions
12381,5,3,1459.81,5,3,4,12,1,Promising
12383,185,5,1628.56,3,4,4,11,2,At risk
12384,29,2,425.27,4,2,2,8,1,Promising
12385,380,1,1668.4,2,1,4,7,2,At risk
12386,338,2,401.9,2,2,2,6,0,Lost
12387,416,1,143.94,1,1,1,3,0,Lost
12388,16,8,3901.11,5,4,5,14,3,Champions
12389,403,3,1433.33,2,3,4,9,2,At risk
12390,80,1,504.84,3,1,2,6,0,Lost
12391,22,6,2724.84,4,4,4,12,3,Champions
12392,592,1,234.75000000000003,1,1,1,3,0,Lost
12393,73,6,2399.45,3,4,4,11,2,At risk
12394,64,2,1080.48,3,2,3,8,1,Promising
12395,20,15,4226.32,5,5,5,15,3,Champions
12396,675,1,931.43,1,1,3,5,0,Lost
12397,36,2,2214.9,4,2,4,10,1,Promising
12398,46,1,1435.66,4,1,4,9,1,Promising
12399,120,7,1842.3,3,4,4,11,2,At risk
12400,415,1,205.25,1,1,1,3,0,Lost
12401,304,1,69.3,2,1,1,4,0,Lost
12402,324,6,1124.15,2,4,3,9,2,At risk
12403,50,2,947.36,4,2,3,9,1,Promising
12405,149,1,1390.39,3,1,4,8,2,At risk
12406,23,5,6087.16,4,4,5,13,3,Champions
12407,50,5,1507.12,4,4,4,12,2,At risk
12408,33,8,3893.17,4,4,5,13,3,Champions
12409,79,5,23101.26,3,4,5,12,3,Champions
12410,309,3,773.71,2,3,3,8,2,At risk
12411,410,1,346.9,1,1,2,4,0,Lost
12412,75,6,2404.93,3,4,4,11,2,At risk
12413,67,4,871.45,3,3,3,9,2,At risk
12414,218,3,442.41,2,3,2,7,0,Lost
12415,25,23,143275.72,4,5,5,14,3,Champions
12416,657,1,202.56,1,1,1,3,0,Lost
12417,4,20,5978.46,5,5,5,15,3,Champions
12418,113,4,2021.2,3,3,4,10,2,At risk
12419,386,2,391.01,2,2,2,6,0,Lost
12420,64,1,600.39,3,1,3,7,1,Promising
12421,16,6,874.6,5,4,3,12,1,Promising
12422,96,12,3639.35,3,5,5,13,3,Champions
12423,1,10,2291.19,5,5,4,14,3,Champions
12424,163,4,3340.03,3,3,5,11,2,At risk
12425,79,2,1680.81,3,2,4,9,2,At risk
12426,195,2,1185.31,2,2,3,7,2,At risk
12427,22,3,639.32,4,3,3,10,1,Promising
12428,26,8,6405.26,4,4,5,13,3,Champions
12429,10,8,5842.41,5,4,5,14,3,Champions
12430,44,1,216.4,4,1,1,6,1,Promising
12431,36,25,9995.76,4,5,5,14,3,Champions
12432,43,4,4359.32,4,3,5,12,2,At risk
12433,1,10,16794.14,5,5,5,15,3,Champions
12434,85,3,1080.28,3,3,3,9,2,At risk
12435,80,6,13925.93,3,4,5,12,3,Champions
12436,100,1,429.01,3,1,2,6,0,Lost
12437,2,38,11198.0,5,5,5,15,3,Champions
12438,15,2,2466.85,5,2,4,11,1,Promising
12439,683,2,1089.18,1,2,3,6,2,At risk
12440,463,2,648.15,1,2,3,6,0,Lost
12441,367,1,155.55,2,1,1,4,0,Lost
12442,4,1,144.06,5,1,1,7,1,Promising
12443,733,1,365.31,1,1,2,4,0,Lost
12444,22,5,4085.46,4,4,5,13,3,Champions
12445,23,2,378.98,4,2,2,8,1,Promising
12446,58,1,1002.31,4,1,3,8,1,Promising
12447,244,1,431.49,2,1,2,5,0,Lost
12448,45,1,365.45,4,1,2,7,1,Promising
12449,23,5,4274.89,4,4,5,13,3,Champions
12450,157,5,673.35,3,4,3,10,2,At risk
12451,11,8,12527.88,5,4,5,14,3,Champions
12452,17,1,348.57,5,1,2,8,1,Promising
12453,135,1,707.09,3,1,3,7,0,Lost
12454,396,1,4098.96,2,1,5,8,2,At risk
12455,74,9,5722.95,3,5,5,13,3,Champions
12456,45,3,2581.04,4,3,4,11,2,At risk
12457,82,5,2180.56,3,4,4,11,2,At risk
12458,72,4,1502.49,3,3,4,10,2,At risk
12459,606,1,398.36,1,1,2,4,0,Lost
12460,457,1,296.65,1,1,2,4,0,Lost
12461,155,1,626.88,3,1,3,7,0,Lost
12462,19,2,937.59,5,2,3,10,1,Promising
12463,54,4,1180.98,4,3,3,10,2,At risk
12464,11,8,957.05,5,4,3,12,1,Promising
12465,18,2,682.19,5,2,3,10,1,Promising
12468,188,5,3238.74,2,4,5,11,2,At risk
12469,523,2,3070.54,1,2,5,8,2,At risk
12470,690,1,211.95,1,1,1,3,0,Lost
12471,3,71,34832.2,5,5,5,15,3,Champions
12472,33,19,14878.24,4,5,5,14,3,Champions
12473,54,3,2554.53,4,3,4,11,2,At risk
12474,18,29,11111.32,5,5,5,15,3,Champions
12475,54,2,1065.64,4,2,3,9,1,Promising
12476,16,18,12178.56,5,5,5,15,3,Champions
12477,23,9,20193.87,4,5,5,14,3,Champions
12478,4,1,545.99,5,1,2,8,1,Promising
12479,12,1,453.2,5,1,2,8,1,Promising
12480,29,7,4820.0,4,4,5,13,3,Champions
12481,23,14,10915.61,4,5,5,14,3,Champions
12482,577,27,21941.72,1,5,5,11,3,Champions
12483,18,19,4045.78,5,5,5,15,3,Champions
12484,36,9,5544.35,4,5,5,14,3,Champions
12485,530,1,708.1,1,1,3,5,0,Lost
12486,432,1,917.28,1,1,3,5,0,Lost
12487,731,1,285.3,1,1,2,4,0,Lost
12488,10,3,1244.66,5,3,4,12,1,Promising
12489,337,1,298.93,2,1,2,5,0,Lost
12490,6,20,8764.64,5,5,5,15,3,Champions
12491,39,1,424.4,4,1,2,7,1,Promising
12492,64,3,607.21,3,3,3,9,1,Promising
12493,166,2,362.79,3,2,2,7,0,Lost
12494,16,9,1494.62,5,5,4,14,3,Champions
12495,641,1,243.4,1,1,1,3,0,Lost
12496,621,2,45.34,1,2,1,4,0,Lost
12497,82,3,5996.5,3,3,5,11,2,At risk
12498,22,3,349.70000000000005,4,3,2,9,1,Promising
12499,561,1,357.72,1,1,2,4,0,Lost
12500,24,18,5532.71,4,5,5,14,3,Champions
12501,337,1,1995.39,2,1,4,7,2,At risk
12502,96,5,2995.87,3,4,5,12,2,At risk
12503,585,1,896.0,1,1,3,5,0,Lost
12504,19,4,353.65,5,3,2,10,1,Promising
12505,409,1,767.3,2,1,3,6,0,Lost
12506,233,1,73.5,2,1,1,4,0,Lost
12507,135,4,1508.06,3,3,4,10,2,At risk
12508,27,2,397.88,4,2,2,8,1,Promising
12509,285,1,158.5,2,1,1,4,0,Lost
12510,143,7,3006.03,3,4,5,12,2,At risk
12511,429,1,3074.07,1,1,5,7,2,At risk
12512,67,2,132.18,3,2,1,6,0,Lost
12513,113,1,532.79,3,1,2,6,0,Lost
12514,268,2,1597.76,2,2,4,8,2,At risk
12515,354,1,278.7,2,1,1,4,0,Lost
12516,78,4,2288.62,3,3,4,10,2,At risk
12517,29,4,2281.8,4,3,4,11,1,Promising
12518,1,5,1840.89,5,4,4,13,1,Promising
12519,64,2,596.84,3,2,3,8,1,Promising
12520,80,5,2320.01,3,4,4,11,2,At risk
12521,143,1,545.68,3,1,2,6,0,Lost
12522,40,2,156.72,4,2,1,7,1,Promising
12523,20,23,3925.95,5,5,5,15,3,Champions
12524,10,17,9759.36,5,5,5,15,3,Champions
12525,499,3,853.88,1,3,3,7,2,At risk
12526,1,3,1172.66,5,3,3,11,1,Promising
12527,82,5,717.51,3,4,3,10,2,At risk
12528,10,6,1645.48,5,4,4,13,1,Promising
12529,529,1,316.48,1,1,2,4,0,Lost
12530,60,9,3350.66,3,5,5,13,3,Champions
12531,15,2,1756.35,5,2,4,11,1,Promising
12532,31,1,313.83000000000004,4,1,2,7,1,Promising
12533,628,2,1075.24,1,2,3,6,2,At risk
12534,131,1,981.18,3,1,3,7,0,Lost
12535,92,2,716.35,3,2,3,8,1,Promising
12536,60,1,4163.9800000000005,3,1,5,9,2,At risk
12537,409,1,612.94,2,1,3,6,0,Lost
12538,30,2,640.45,4,2,3,9,1,Promising
12539,23,7,11186.75,4,4,5,13,3,Champions
12540,20,32,19172.04,5,5,5,15,3,Champions
12541,30,3,841.18,4,3,3,10,1,Promising
12542,485,2,443.33,1,2,2,5,0,Lost
12543,449,1,840.25,1,1,3,5,0,Lost
12544,37,1,316.7,4,1,2,7,1,Promising
12545,76,2,832.39,3,2,3,8,1,Promising
12546,47,2,1001.5,4,2,3,9,1,Promising
12547,198,3,299.58,2,3,2,7,0,Lost
12548,167,1,67.19999999999999,3,1,1,5,0,Lost
12549,576,5,1570.68,1,4,4,9,2,At risk
12550,80,1,824.83,3,1,3,7,1,Promising
12551,358,1,168.0,2,1,1,4,0,Lost
12552,40,1,317.82,4,1,2,7,1,Promising
12553,9,12,4048.55,5,5,5,15,3,Champions
12554,449,1,384.5,1,1,2,4,0,Lost
12556,51,2,599.56,4,2,3,9,1,Promising
12557,17,8,18096.14,5,4,5,14,3,Champions
12559,311,2,500.21,2,2,2,6,0,Lost
12560,6,2,1918.01,5,2,4,11,1,Promising
12561,303,1,238.85,2,1,1,4,0,Lost
12562,9,9,4426.92,5,5,5,15,3,Champions
12563,409,1,221.24,2,1,1,4,0,Lost
12564,262,1,402.9,2,1,2,5,0,Lost
12565,289,1,145.92000000000002,2,1,1,4,0,Lost
12566,87,1,297.65,3,1,2,6,0,Lost
12567,23,14,10425.44,4,5,5,14,3,Champions
12568,645,1,52.0,1,1,1,3,0,Lost
12569,3,32,3152.69,5,5,5,15,3,Champions
12571,40,2,519.61,4,2,2,8,1,Promising
12572,9,2,912.42,5,2,3,10,1,Promising
12573,228,5,717.41,2,4,3,9,2,At risk
12574,316,1,182.45,2,1,1,4,0,Lost
12575,458,2,568.82,1,2,2,5,0,Lost
12576,36,8,2020.22,4,4,4,12,3,Champions
12577,36,8,1613.15,4,4,4,12,2,At risk
12578,22,4,4026.45,4,3,5,12,1,Promising
12579,79,1,374.72,3,1,2,6,0,Lost
12580,247,2,962.9,2,2,3,7,2,At risk
12581,40,1,179.71,4,1,1,6,1,Promising
12582,239,4,1820.4,2,3,4,9,2,At risk
12583,3,27,12432.74,5,5,5,15,3,Champions
12584,4,9,2053.95,5,5,4,14,3,Champions
12585,235,2,1824.1,2,2,4,8,2,At risk
12586,18,4,2045.67,5,3,4,12,1,Promising
12587,8,1,104.0,5,1,1,7,1,Promising
12588,40,3,703.93,4,3,3,10,1,Promising
12589,29,5,2753.62,4,4,4,12,1,Promising
12590,212,1,9341.26,2,1,5,8,2,At risk
12591,318,3,1114.95,2,3,3,8,2,At risk
12592,93,4,1723.64,3,3,4,10,2,At risk
12593,109,3,382.1,3,3,2,8,0,Lost
12594,38,14,4862.51,4,5,5,14,3,Champions
12595,505,1,281.02,1,1,2,4,0,Lost
12596,52,2,450.27,4,2,2,8,1,Promising
12597,20,4,3096.22,5,3,5,13,1,Promising
12598,10,10,4151.37,5,5,5,15,3,Champions
12599,30,13,2026.72,4,5,4,13,3,Champions
12600,29,20,4385.85,4,5,5,14,3,Champions
12601,190,6,573.26,2,4,2,8,2,At risk
12602,59,1,153.12,4,1,1,6,0,Lost
12603,22,1,613.1999999999999,4,1,3,8,1,Promising
12604,80,2,236.18,3,2,1,6,0,Lost
12605,377,3,1124.95,2,3,3,8,2,At risk
12608,405,1,415.79,2,1,2,5,0,Lost
12609,79,9,3021.86,3,5,5,13,2,At risk
12610,23,4,1714.24,4,3,4,11,1,Promising
12611,53,1,1193.32,4,1,4,9,1,Promising
12612,75,1,668.04,3,1,3,7,1,Promising
12613,58,9,6145.82,4,5,5,14,3,Champions
12614,278,1,315.6,2,1,2,5,0,Lost
12615,3,8,5227.63,5,4,5,14,3,Champions
12616,96,3,993.4,3,3,3,9,2,At risk
12617,30,1,352.98,4,1,2,7,1,Promising
12618,22,1,137.31,4,1,1,6,1,Promising
12619,17,9,3052.7,5,5,5,15,3,Champions
12620,15,3,1303.41,5,3,4,12,1,Promising
12621,2,35,21980.7,5,5,5,15,3,Champions
12622,233,1,162.1,2,1,1,4,0,Lost
12623,277,7,3315.84,2,4,5,11,2,At risk
12624,107,2,569.13,3,2,2,7,0,Lost
12625,212,4,4639.28,2,3,5,10,2,At risk
12626,24,9,5772.6900000000005,4,5,5,14,3,Champions
12627,11,6,4082.53,5,4,5,14,3,Champions
12628,5,3,732.46,5,3,3,11,1,Promising
12629,386,2,1198.22,2,2,4,8,2,At risk
12630,10,2,1030.88,5,2,3,10,1,Promising
12631,58,6,3299.07,4,4,5,13,2,At risk
12632,521,2,695.08,1,2,3,6,0,Lost
12633,59,7,5113.71,4,4,5,13,3,Champions
12634,549,1,360.0,1,1,2,4,0,Lost
12635,90,4,2624.41,3,3,4,10,2,At risk
12637,68,12,8085.81,3,5,5,13,3,Champions
12638,34,2,681.49,4,2,3,9,1,Promising
12639,239,3,1072.37,2,3,3,8,2,At risk
12640,24,3,994.58,4,3,3,10,1,Promising
12641,116,1,145.9,3,1,1,5,0,Lost
12642,26,3,905.26,4,3,3,10,1,Promising
12643,129,11,7347.82,3,5,5,13,3,Champions
12644,130,4,1838.94,3,3,4,10,2,At risk
12645,34,8,3185.3,4,4,5,13,3,Champions
12646,5,2,1346.97,5,2,4,11,1,Promising
12647,23,35,14002.4,4,5,5,14,3,Champions
12648,155,4,1039.0,3,3,3,9,2,At risk
12649,108,8,2076.85,3,4,4,11,2,At risk
12650,4,1,242.44,5,1,1,7,1,Promising
12651,335,4,377.75,2,3,2,7,0,Lost
12652,332,2,891.0300000000001,2,2,3,7,2,At risk
12653,149,3,4160.83,3,3,5,11,2,At risk
12654,11,5,529.98,5,4,2,11,1,Promising
12655,424,1,243.35,1,1,1,3,0,Lost
12656,18,8,5708.9800000000005,5,4,5,14,3,Champions
12657,12,3,1008.06,5,3,3,11,1,Promising
12658,19,1,632.05,5,1,3,9,1,Promising
12659,30,1,73.67999999999999,4,1,1,6,1,Promising
12660,12,1,227.1,5,1,1,7,1,Promising
12661,437,1,162.0,1,1,1,3,0,Lost
12662,1,20,6097.84,5,5,5,15,3,Champions
12663,625,2,150.0,1,2,1,4,0,Lost
12664,9,11,5420.04,5,5,5,15,3,Champions
12665,325,3,259.6,2,3,1,6,0,Lost
12666,395,1,1020.98,2,1,3,6,0,Lost
12667,59,1,460.13,4,1,2,7,1,Promising
12668,12,9,9871.23,5,5,5,15,3,Champions
12669,151,2,1427.73,3,2,4,9,2,At risk
12670,11,7,3436.29,5,4,5,14,3,Champions
12671,607,1,2622.48,1,1,4,6,2,At risk
12672,330,2,389.2,2,2,2,6,0,Lost
12673,6,3,1140.02,5,3,3,11,1,Promising
12674,39,4,1814.6,4,3,4,11,1,Promising
12675,554,2,860.5,1,2,3,6,0,Lost
12676,25,10,2333.09,4,5,4,13,3,Champions
12677,556,2,359.1,1,2,2,5,0,Lost
12678,43,15,32442.18,4,5,5,14,3,Champions
12679,59,4,935.42,4,3,3,10,1,Promising
12680,1,4,790.81,5,3,3,11,1,Promising
12681,15,44,26924.01,5,5,5,15,3,Champions
12682,4,51,20736.22,5,5,5,15,3,Champions
12683,5,20,10368.72,5,5,5,15,3,Champions
12684,8,6,2073.63,5,4,4,13,1,Promising
12685,29,6,2575.08,4,4,4,12,3,Champions
12686,372,1,71.14,2,1,1,4,0,Lost
12687,481,1,1858.91,1,1,4,6,2,At risk
12688,114,1,4873.81,3,1,5,9,2,At risk
12689,26,2,1139.61,4,2,3,9,1,Promising
12690,206,1,335.01,2,1,2,5,0,Lost
12691,29,6,1044.4,4,4,3,11,1,Promising
12692,638,1,110.95,1,1,1,3,0,Lost
12693,128,7,1377.37,3,4,4,11,2,At risk
12694,71,3,1663.35,3,3,4,10,2,At risk
12695,8,7,1371.12,5,4,4,13,1,Promising
12696,435,2,731.91,1,2,3,6,0,Lost
12697,29,3,757.59,4,3,3,10,1,Promising
12698,591,1,285.75,1,1,2,4,0,Lost
12699,418,1,566.11,1,1,2,4,0,Lost
12700,8,4,4525.99,5,3,5,13,3,Champions
12701,80,6,2248.41,3,4,4,11,2,At risk
12702,20,1,201.0,5,1,1,7,1,Promising
12703,72,3,813.58,3,3,3,9,1,Promising
12704,8,8,1740.84,5,4,4,13,3,Champions
12705,16,13,11034.55,5,5,5,15,3,Champions
12707,292,1,603.42,2,1,3,6,0,Lost
12708,30,18,4532.06,4,5,5,14,3,Champions
12709,16,32,29409.88,5,5,5,15,3,Champions
12710,97,3,1023.02,3,3,3,9,2,At risk
12711,612,2,1213.05,1,2,4,7,2,At risk
12712,29,21,5847.4800000000005,4,5,5,14,3,Champions
12713,1,1,794.55,5,1,3,9,1,Promising
12714,10,12,12815.71,5,5,5,15,3,Champions
12715,107,1,263.36,3,1,1,5,0,Lost
12716,4,2,963.49,5,2,3,10,1,Promising
12717,152,3,1058.91,3,3,3,9,2,At risk
12718,72,1,202.25,3,1,1,5,0,Lost
12719,6,2,537.55,5,2,2,9,1,Promising
12720,3,29,6887.43,5,5,5,15,3,Champions
12721,32,8,3615.18,4,4,5,13,3,Champions
12722,86,4,945.73,3,3,3,9,2,At risk
12723,4,5,707.07,5,4,3,12,1,Promising
12724,6,7,2083.52,5,4,4,13,3,Champions
12725,372,3,1906.76,2,3,4,9,2,At risk
12726,29,11,3690.6,4,5,5,14,3,Champions
12727,11,10,4890.53,5,5,5,15,3,Champions
12728,72,5,926.17,3,4,3,10,2,At risk
12729,114,1,417.01,3,1,2,6,0,Lost
12730,522,1,703.25,1,1,3,5,0,Lost
12731,24,17,25540.21,4,5,5,14,3,Champions
12732,180,1,218.26,3,1,1,5,0,Lost
12733,235,4,2424.02,2,3,4,9,2,At risk
12734,353,3,603.65,2,3,3,8,2,At risk
12735,316,2,689.5699999999999,2,2,3,7,0,Lost
12736,333,1,144.0,2,1,1,4,0,Lost
12738,373,1,137.35,2,1,1,4,0,Lost
12739,100,2,2421.23,3,2,4,9,2,At risk
12740,64,1,427.6,3,1,2,6,1,Promising
12741,534,1,236.07,1,1,1,3,0,Lost
12742,626,1,1185.02,1,1,3,5,0,Lost
12743,135,2,540.13,3,2,2,7,0,Lost
12744,57,8,13158.16,4,4,5,13,3,Champions
12745,487,2,723.85,1,2,3,6,0,Lost
12746,541,1,254.55,1,1,1,3,0,Lost
12747,3,26,8866.23,5,5,5,15,3,Champions
12748,1,316,47020.43,5,5,5,15,3,Champions
12749,4,9,6748.36,5,5,5,15,3,Champions
12750,129,1,275.88,3,1,1,5,0,Lost
12751,445,1,268.27,1,1,1,3,0,Lost
12752,82,1,4366.78,3,1,5,9,2,At risk
12753,23,6,21327.39,4,4,5,13,3,Champions
12754,236,3,3010.74,2,3,5,10,2,At risk
12755,281,3,4429.45,2,3,5,10,2,At risk
12756,87,1,112.08,3,1,1,5,0,Lost
12757,16,9,4161.75,5,5,5,15,3,Champions
12758,117,7,9802.4,3,4,5,12,2,At risk
12759,53,8,4618.74,4,4,5,13,3,Champions
12760,456,1,317.8,1,1,2,4,0,Lost
12761,465,1,712.95,1,1,3,5,0,Lost
12762,8,2,1702.52,5,2,4,11,1,Promising
12763,139,2,494.08,3,2,2,7,0,Lost
12764,317,1,1693.88,2,1,4,7,2,At risk
12765,473,6,1299.58,1,4,4,9,2,At risk
12766,4,9,8114.99,5,5,5,15,3,Champions
12767,376,1,949.82,2,1,3,6,0,Lost
12769,239,1,1143.6,2,1,3,6,0,Lost
12770,211,2,3042.45,2,2,5,9,2,At risk
12771,486,1,206.5,1,1,1,3,0,Lost
12772,60,1,752.47,3,1,3,7,1,Promising
12774,536,1,83.7,1,1,1,3,0,Lost
12775,18,7,1516.32,5,4,4,13,1,Promising
12776,668,1,27.5,1,1,1,3,0,Lost
12777,458,1,519.45,1,1,2,4,0,Lost
12778,20,9,1541.68,5,5,4,14,3,Champions
12779,38,13,6225.71,4,5,5,14,3,Champions
12780,599,1,322.4,1,1,2,4,0,Lost
12781,64,2,750.98,3,2,3,8,1,Promising
12782,5,11,3817.24,5,5,5,15,3,Champions
12783,3,4,1295.87,5,3,4,12,1,Promising
12784,16,2,1511.15,5,2,4,11,1,Promising
12785,365,3,889.55,2,3,3,8,2,At risk
12786,610,1,668.5000000000001,1,1,3,5,0,Lost
12787,10,4,799.1800000000001,5,3,3,11,1,Promising
12788,464,4,384.9,1,3,2,6,0,Lost
12789,66,3,225.35,3,3,1,7,1,Promising
12790,193,2,526.95,2,2,2,6,0,Lost
12791,374,5,656.83,2,4,3,9,2,At risk
12792,257,2,715.01,2,2,3,7,0,Lost
12793,335,3,745.53,2,3,3,8,2,At risk
12794,54,2,860.41,4,2,3,9,1,Promising
12795,19,1,318.48,5,1,2,8,1,Promising
12796,629,1,351.0,1,1,2,4,0,Lost
12797,366,2,393.38,2,2,2,6,0,Lost
12798,11,4,8510.93,5,3,5,13,3,Champions
12799,530,1,219.35,1,1,1,3,0,Lost
12800,471,2,500.25,1,2,2,5,0,Lost
12801,501,1,871.82,1,1,3,5,0,Lost
12802,187,5,2120.42,3,4,4,11,2,At risk
12803,394,1,1017.81,2,1,3,6,0,Lost
12804,466,2,325.37,1,2,2,5,0,Lost
12805,382,4,1230.95,2,3,4,9,2,At risk
12806,573,2,2558.96,1,2,4,7,2,At risk
12807,384,1,250.35,2,1,1,4,0,Lost
12808,37,5,748.7,4,4,3,11,1,Promising
12809,178,3,1384.34,3,3,4,10,2,At risk
12810,535,2,534.99,1,2,2,5,0,Lost
12811,262,4,893.9,2,3,3,8,2,At risk
12812,45,1,229.64,4,1,1,6,1,Promising
12813,502,3,1621.8,1,3,4,8,2,At risk
12814,102,1,85.92,3,1,1,5,0,Lost
12815,148,2,863.46,3,2,3,8,2,At risk
12816,96,2,452.2,3,2,2,7,0,Lost
12817,282,3,570.98,2,3,2,7,2,At risk
12818,262,1,1182.0800000000002,2,1,3,6,0,Lost
12819,459,1,540.52,1,1,2,4,0,Lost
12820,4,11,2651.24,5,5,4,14,3,Champions
12821,215,2,220.8,2,2,1,5,0,Lost
12822,71,2,918.98,3,2,3,8,1,Promising
12823,75,18,6501.5,3,5,5,13,3,Champions
12824,60,1,397.12,3,1,2,6,1,Promising
12825,522,2,518.63,1,2,2,5,0,Lost
12826,3,12,2790.8,5,5,4,14,3,Champions
12827,6,3,430.15,5,3,2,10,1,Promising
12828,3,6,1018.71,5,4,3,12,1,Promising
12829,337,3,385.3,2,3,2,7,0,Lost
12830,38,6,6814.64,4,4,5,13,3,Champions
12831,263,3,451.11,2,3,2,7,0,Lost
12832,33,2,383.03,4,2,2,8,1,Promising
12833,146,1,417.38,3,1,2,6,0,Lost
12834,283,1,312.38,2,1,2,5,0,Lost
12835,428,41,5991.33,1,5,5,11,3,Champions
12836,60,15,6559.7300000000005,3,5,5,13,3,Champions
12837,174,2,662.66,3,2,3,8,0,Lost
12838,34,10,2970.96,4,5,5,14,3,Champions
12839,3,26,9624.27,5,5,5,15,3,Champions
12840,144,7,4030.27,3,4,5,12,2,At risk
12841,5,40,6907.67,5,5,5,15,3,Champions
12842,71,4,1917.99,3,3,4,10,2,At risk
12843,66,27,6317.72,3,5,5,13,3,Champions
12844,30,4,648.6,4,3,3,10,1,Promising
12845,268,4,354.09000000000003,2,3,2,7,0,Lost
12847,23,2,1609.0,4,2,4,10,1,Promising
12848,676,1,208.0,1,1,1,3,0,Lost
12849,32,6,3015.98,4,4,5,13,3,Champions
12850,446,1,330.0,1,1,2,4,0,Lost
12851,97,2,280.76,3,2,1,6,0,Lost
12852,295,1,311.55,2,1,2,5,0,Lost
12853,135,11,3854.5,3,5,5,13,2,At risk
12854,79,7,2931.07,3,4,5,12,2,At risk
12855,373,4,612.84,2,3,3,8,2,At risk
12856,8,6,2170.78,5,4,4,13,3,Champions
12857,211,6,3688.0,2,4,5,11,2,At risk
12858,384,1,147.27,2,1,1,4,0,Lost
12859,459,1,575.1,1,1,2,4,0,Lost
12860,694,1,54.22,1,1,1,3,0,Lost
12861,620,1,68.25,1,1,1,3,0,Lost
12862,426,2,984.62,1,2,3,6,2,At risk
12863,53,6,2792.55,4,4,4,12,2,At risk
12864,139,2,299.57,3,2,2,7,0,Lost
12865,27,4,3303.31,4,3,5,12,1,Promising
12866,284,3,1092.35,2,3,3,8,2,At risk
12867,27,13,7803.51,4,5,5,14,3,Champions
12868,186,8,2043.76,3,4,4,11,2,At risk
12869,682,1,337.67,1,1,2,4,0,Lost
12870,376,3,1676.95,2,3,4,9,2,At risk
12871,85,3,744.02,3,3,3,9,2,At risk
12872,327,12,3283.96,2,5,5,12,2,At risk
12873,283,3,2027.3,2,3,4,9,2,At risk
12874,386,2,858.42,2,2,3,7,0,Lost
12875,144,5,1356.9900000000002,3,4,4,11,2,At risk
12876,58,4,3751.79,4,3,5,12,2,At risk
12877,4,20,2942.14,5,5,5,15,3,Champions
12878,237,2,854.99,2,2,3,7,2,At risk
12879,45,3,573.22,4,3,2,9,1,Promising
12880,382,2,640.13,2,2,3,7,0,Lost
12881,276,1,298.0,2,1,2,5,0,Lost
12882,10,2,1463.04,5,2,4,11,1,Promising
12883,25,4,703.47,4,3,3,10,1,Promising
12884,89,1,309.05,3,1,2,6,0,Lost
12885,64,3,1158.27,3,3,3,9,2,At risk
12886,68,2,1378.4,3,2,4,9,1,Promising
12887,384,1,222.4,2,1,1,4,0,Lost
12888,215,2,354.12,2,2,2,6,0,Lost
12889,382,4,370.61,2,3,2,7,0,Lost
12890,25,2,706.02,4,2,3,9,1,Promising
12891,186,10,819.5,3,5,3,11,2,At risk
12892,397,1,263.38,2,1,1,4,0,Lost
12893,31,1,176.55,4,1,1,6,1,Promising
12894,576,1,157.35,1,1,1,3,0,Lost
12895,43,2,355.8,4,2,2,8,1,Promising
12897,205,4,514.25,2,3,2,7,2,At risk
12898,464,2,296.21,1,2,2,5,0,Lost
12899,414,1,366.4,1,1,2,4,0,Lost
12900,423,1,340.33000000000004,1,1,2,4,0,Lost
12901,9,27,17167.7,5,5,5,15,3,Champions
12902,265,1,138.68,2,1,1,4,0,Lost
12903,429,1,833.5300000000001,1,1,3,5,0,Lost
12904,19,2,496.06,5,2,2,9,1,Promising
12905,577,2,1018.42,1,2,3,6,2,At risk
12906,12,5,2919.81,5,4,5,14,1,Promising
12907,396,2,508.91,2,2,2,6,0,Lost
12908,177,4,1386.0,3,3,4,10,2,At risk
12909,40,8,3064.64,4,4,5,13,3,Champions
12910,24,13,5747.02,4,5,5,14,3,Champions
12911,552,1,1651.72,1,1,4,6,0,Lost
12912,3,5,1662.3,5,4,4,13,1,Promising
12913,5,13,6283.24,5,5,5,15,3,Champions
12914,401,1,223.98,2,1,1,4,0,Lost
12915,149,4,922.7,3,3,3,9,2,At risk
12916,139,7,4457.93,3,4,5,12,2,At risk
12917,129,6,4359.2,3,4,5,12,2,At risk
12919,9,6,1335.19,5,4,4,13,1,Promising
12920,18,4,486.64,5,3,2,10,1,Promising
12921,10,73,34373.49,5,5,5,15,3,Champions
12922,162,1,405.38,3,1,2,6,0,Lost
12923,65,3,769.17,3,3,3,9,1,Promising
12924,89,12,2457.7,3,5,4,12,2,At risk
12925,5,3,729.33,5,3,3,11,1,Promising
12926,412,4,1523.59,1,3,4,8,2,At risk
12927,395,1,197.31,2,1,1,4,0,Lost
12928,36,12,4304.89,4,5,5,14,3,Champions
12929,312,1,102.9,2,1,1,4,0,Lost
12930,79,2,415.8,3,2,2,7,1,Promising
12931,22,55,82532.7,4,5,5,14,3,Champions
12932,540,8,1698.56,1,4,4,9,2,At risk
12933,25,8,1617.68,4,4,4,12,3,Champions
12934,737,1,181.65,1,1,1,3,0,Lost
12935,3,15,4203.56,5,5,5,15,3,Champions
12936,18,4,1063.9,5,3,3,11,1,Promising
12937,16,9,3097.61,5,5,5,15,3,Champions
12938,26,1,114.14,4,1,1,6,1,Promising
12939,65,20,25264.8,3,5,5,13,3,Champions
12940,55,2,899.69,4,2,3,9,1,Promising
12941,725,1,377.49,1,1,2,4,0,Lost
12942,132,3,675.6,3,3,3,9,2,At risk
12943,559,2,496.5,1,2,2,5,0,Lost
12944,36,2,604.51,4,2,3,9,1,Promising
12945,289,2,900.11,2,2,3,7,2,At risk
12946,437,1,324.45,1,1,2,4,0,Lost
12947,144,6,1437.14,3,4,4,11,2,At risk
12948,17,9,2317.43,5,5,4,14,3,Champions
12949,31,22,15471.2,4,5,5,14,3,Champions
12950,3,3,1843.0,5,3,4,12,1,Promising
12951,9,15,3184.32,5,5,5,15,3,Champions
12952,6,4,1387.79,5,3,4,12,1,Promising
12953,10,2,828.8100000000001,5,2,3,10,1,Promising
12954,639,1,162.45,1,1,1,3,0,Lost
12955,2,10,4740.16,5,5,5,15,3,Champions
12956,307,4,521.89,2,3,2,7,2,At risk
12957,10,13,8706.97,5,5,5,15,3,Champions
12958,401,2,467.34,2,2,2,6,0,Lost
12959,485,1,150.95,1,1,1,3,0,Lost
12960,414,4,1322.0700000000002,1,3,4,8,2,At risk
12961,380,1,211.99,2,1,1,4,0,Lost
12962,8,2,266.39,5,2,1,8,1,Promising
12963,9,12,3182.69,5,5,5,15,3,Champions
12964,438,1,132.24,1,1,1,3,0,Lost
12965,90,1,769.8100000000001,3,1,3,7,1,Promising
12966,10,1,160.18,5,1,1,7,1,Promising
12967,359,3,2885.7200000000003,2,3,5,10,2,At risk
12968,113,1,135.95,3,1,1,5,0,Lost
12969,603,1,122.45,1,1,1,3,0,Lost
12970,8,10,1452.54,5,5,4,14,3,Champions
12971,4,115,15218.05,5,5,5,15,3,Champions
12972,414,4,1161.2,1,3,3,7,2,At risk
12973,414,1,385.55,1,1,2,4,0,Lost
12974,198,2,408.95,2,2,2,6,0,Lost
12975,437,6,2019.49,1,4,4,9,2,At risk
12976,212,8,3156.38,2,4,5,11,2,At risk
12977,157,4,513.88,3,3,2,8,2,At risk
12978,386,5,2502.82,2,4,4,10,2,At risk
12979,730,1,479.54,1,1,2,4,0,Lost
12980,158,21,16245.78,3,5,5,13,3,Champions
12981,30,2,372.22,4,2,2,8,1,Promising
12982,243,8,2702.51,2,4,4,10,2,At risk
12983,599,1,490.08,1,1,2,4,0,Lost
12984,19,1,97.5,5,1,1,7,1,Promising
12985,1,2,1215.62,5,2,4,11,1,Promising
12986,429,8,2275.98,1,4,4,9,2,At risk
12987,74,5,1312.21,3,4,4,11,2,At risk
12988,293,1,505.82,2,1,2,5,0,Lost
12989,4,33,13242.15,5,5,5,15,3,Champions
12990,32,7,955.5,4,4,3,11,1,Promising
12991,24,3,764.82,4,3,3,10,1,Promising
12992,726,1,93.35,1,1,1,3,0,Lost
12993,24,8,1204.46,4,4,4,12,1,Promising
12994,5,3,961.67,5,3,3,11,1,Promising
12995,86,1,211.32,3,1,1,5,0,Lost
12996,376,1,355.5,2,1,2,5,0,Lost
12997,23,8,2110.91,4,4,4,12,3,Champions
12998,493,3,909.88,1,3,3,7,2,At risk
12999,197,3,455.88,2,3,2,7,0,Lost
13000,107,4,1005.5,3,3,3,9,2,At risk
13001,5,33,24032.45,5,5,5,15,3,Champions
13002,319,3,414.13,2,3,2,7,0,Lost
13003,106,3,149.05,3,3,1,7,0,Lost
13004,12,35,11258.41,5,5,5,15,3,Champions
13005,174,4,939.98,3,3,3,9,2,At risk
13006,57,1,81.57,4,1,1,6,0,Lost
13007,580,1,175.25,1,1,1,3,0,Lost
13008,324,3,561.13,2,3,2,7,0,Lost
13009,673,1,234.0,1,1,1,3,0,Lost
13010,375,2,330.12,2,2,2,6,0,Lost
13011,373,1,50.55,2,1,1,4,0,Lost
13012,10,9,2582.96,5,5,4,14,3,Champions
13013,2,29,11097.43,5,5,5,15,3,Champions
13014,11,11,5295.9800000000005,5,5,5,15,3,Champions
13015,54,11,6473.7300000000005,4,5,5,14,3,Champions
13016,74,3,789.89,3,3,3,9,1,Promising
13017,8,1,204.0,5,1,1,7,1,Promising
13018,17,35,9763.16,5,5,5,15,3,Champions
13019,380,6,1229.95,2,4,4,10,2,At risk
13020,563,2,618.96,1,2,3,6,0,Lost
13021,5,17,4852.11,5,5,5,15,3,Champions
13022,430,1,50.3,1,1,1,3,0,Lost
13023,65,3,1251.03,3,3,4,10,2,At risk
13024,471,2,555.87,1,2,2,5,0,Lost
13025,732,1,323.39,1,1,2,4,0,Lost
13026,2,9,1733.08,5,5,4,14,3,Champions
13027,114,19,17143.2,3,5,5,13,3,Champions
13028,23,2,661.3199999999999,4,2,3,9,1,Promising
13029,31,5,1927.3,4,4,4,12,1,Promising
13030,12,2,752.44,5,2,3,10,1,Promising
13031,408,5,3292.84,2,4,5,11,2,At risk
13032,53,9,2815.96,4,5,4,13,3,Champions
13033,358,2,220.55,2,2,1,5,0,Lost
13034,55,3,756.82,4,3,3,10,1,Promising
13035,74,3,1339.0,3,3,4,10,2,At risk
13036,685,1,307.1,1,1,2,4,0,Lost
13037,139,12,3877.25,3,5,5,13,2,At risk
13038,81,3,908.46,3,3,3,9,2,At risk
13039,585,4,1010.73,1,3,3,7,2,At risk
13040,9,2,676.99,5,2,3,10,1,Promising
13041,451,4,799.13,1,3,3,7,2,At risk
13042,599,3,1488.59,1,3,4,8,2,At risk
13043,274,1,516.42,2,1,2,5,0,Lost
13044,292,11,4831.1,2,5,5,12,2,At risk
13045,100,3,808.9200000000001,3,3,3,9,2,At risk
13046,31,3,949.25,4,3,3,10,1,Promising
13047,57,23,8310.73,4,5,5,14,3,Champions
13048,15,9,4049.13,5,5,5,15,3,Champions
13049,65,4,1408.24,3,3,4,10,2,At risk
13050,15,34,11698.99,5,5,5,15,3,Champions
13051,579,2,155.8,1,2,1,4,0,Lost
13052,213,7,3118.48,2,4,5,11,2,At risk
13053,622,1,127.65,1,1,1,3,0,Lost
13055,79,4,2310.91,3,3,4,10,2,At risk
13056,552,1,209.48,1,1,1,3,0,Lost
13057,531,3,709.59,1,3,3,7,2,At risk
13058,25,3,271.40000000000003,4,3,1,8,1,Promising
13059,250,10,2279.02,2,5,4,11,2,At risk
13060,254,1,307.53000000000003,2,1,2,5,0,Lost
13061,73,1,248.61,3,1,1,5,0,Lost
13062,192,1,346.98,2,1,2,5,0,Lost
13063,481,1,188.4,1,1,1,3,0,Lost
13064,13,6,1666.84,5,4,4,13,1,Promising
13065,374,5,1055.05,2,4,3,9,2,At risk
13066,25,2,430.9,4,2,2,8,1,Promising
13067,83,3,508.51,3,3,2,8,1,Promising
13068,11,2,344.0,5,2,2,9,1,Promising
13069,1,37,8611.0,5,5,5,15,3,Champions
13070,193,4,751.7,2,3,3,8,2,At risk
13071,613,1,129.22,1,1,1,3,0,Lost
13072,267,1,177.15,2,1,1,4,0,Lost
13073,412,2,418.08,1,2,2,5,0,Lost
13074,512,4,1378.74,1,3,4,8,2,At risk
13075,130,1,919.61,3,1,3,7,0,Lost
13076,458,1,135.4,1,1,1,3,0,Lost
13077,2,11,2730.15,5,5,4,14,3,Champions
13078,4,57,28966.48,5,5,5,15,3,Champions
13079,5,6,419.18,5,4,2,11,1,Promising
13080,180,4,260.83,3,3,1,7,0,Lost
13081,12,28,56511.67,5,5,5,15,3,Champions
13082,127,21,7335.75,3,5,5,13,3,Champions
13083,5,3,395.43,5,3,2,10,1,Promising
13084,492,1,122.4,1,1,1,3,0,Lost
13085,158,8,2337.28,3,4,4,11,2,At risk
13086,383,1,439.33,2,1,2,5,0,Lost
13087,727,1,313.64,1,1,2,4,0,Lost
13088,418,1,236.11,1,1,1,3,0,Lost
13089,3,199,111093.29,5,5,5,15,3,Champions
13090,9,23,13076.74,5,5,5,15,3,Champions
13091,29,2,1108.8,4,2,3,9,1,Promising
13092,71,12,2035.88,3,5,4,12,2,At risk
13093,276,55,53868.55,2,5,5,12,3,Champions
13094,22,12,2003.7,4,5,4,13,3,Champions
13095,71,1,74.39999999999999,3,1,1,5,0,Lost
13096,395,1,419.7000000000001,2,1,2,5,0,Lost
13097,33,27,12959.21,4,5,5,14,3,Champions
13098,2,28,28882.44,5,5,5,15,3,Champions
13099,100,1,207.36,3,1,1,5,0,Lost
13101,235,4,695.4,2,3,3,8,2,At risk
13102,2,37,11319.2,5,5,5,15,3,Champions
13103,40,3,709.64,4,3,3,10,1,Promising
13104,4,9,1709.1,5,5,4,14,3,Champions
13105,437,1,72.0,1,1,1,3,0,Lost
13106,134,2,603.46,3,2,3,8,0,Lost
13107,45,9,5194.27,4,5,5,14,3,Champions
13108,373,2,748.46,2,2,3,7,0,Lost
13109,60,3,1134.03,3,3,3,9,1,Promising
13110,32,12,2900.17,4,5,5,14,3,Champions
13111,719,1,321.88000000000005,1,1,2,4,0,Lost
13112,542,1,20.6,1,1,1,3,0,Lost
13113,1,37,18069.59,5,5,5,15,3,Champions
13114,731,1,234.38,1,1,1,3,0,Lost
13115,12,10,5478.2,5,5,5,15,3,Champions
13116,139,1,501.14,3,1,2,6,0,Lost
13117,22,18,2255.66,4,5,4,13,3,Champions
13118,20,9,2356.01,5,5,4,14,3,Champions
13119,669,1,134.9,1,1,1,3,0,Lost
13120,239,1,30.6,2,1,1,4,0,Lost
13121,270,1,254.73,2,1,1,4,0,Lost
13122,95,2,922.39,3,2,3,8,2,At risk
13123,473,2,506.75,1,2,2,5,0,Lost
13124,90,4,4641.66,3,3,5,11,2,At risk
13125,524,1,148.62,1,1,1,3,0,Lost
13126,5,13,3713.76,5,5,5,15,3,Champions
13127,78,1,259.17,3,1,1,5,0,Lost
13128,632,1,263.5,1,1,1,3,0,Lost
13129,453,2,233.25,1,2,1,4,0,Lost
13130,95,1,64.0,3,1,1,5,0,Lost
13131,24,7,3313.77,4,4,5,13,3,Champions
13132,262,1,77.3,2,1,1,4,0,Lost
13133,274,3,200.45,2,3,1,6,0,Lost
13134,86,6,2449.73,3,4,4,11,2,At risk
13135,197,2,3371.45,2,2,5,9,2,At risk
13136,57,13,6240.66,4,5,5,14,3,Champions
13137,11,16,7586.94,5,5,5,15,3,Champions
13138,23,7,1261.26,4,4,4,12,1,Promising
13139,17,8,8202.98,5,4,5,14,3,Champions
13140,109,5,1054.92,3,4,3,10,2,At risk
13141,85,17,7636.28,3,5,5,13,3,Champions
13142,20,1,307.09000000000003,5,1,2,8,1,Promising
13143,585,1,405.1,1,1,2,4,0,Lost
13144,333,2,135.35,2,2,1,5,0,Lost
13145,40,7,1128.52,4,4,3,11,2,At risk
13146,27,1,228.91,4,1,1,6,1,Promising
13147,11,4,712.8,5,3,3,11,1,Promising
13148,30,26,8274.48,4,5,5,14,3,Champions
13149,15,4,1676.06,5,3,4,12,1,Promising
13150,485,3,449.97,1,3,2,6,0,Lost
13151,296,3,2454.71,2,3,4,9,2,At risk
13152,418,7,2128.68,1,4,4,9,2,At risk
13153,6,1,486.22,5,1,2,8,1,Promising
13154,400,3,1612.09,2,3,4,9,2,At risk
13155,34,6,1370.48,4,4,4,12,1,Promising
13156,386,3,1586.54,2,3,4,9,2,At risk
13157,50,9,5669.36,4,5,5,14,3,Champions
13158,95,5,1508.18,3,4,4,11,2,At risk
13159,9,4,1429.35,5,3,4,12,1,Promising
13160,23,1,91.8,4,1,1,6,1,Promising
13161,314,2,472.13,2,2,2,6,0,Lost
13162,123,16,9234.69,3,5,5,13,3,Champions
13163,611,1,17.65,1,1,1,3,0,Lost
13164,570,2,372.2,1,2,2,5,0,Lost
13165,47,3,1451.16,4,3,4,11,1,Promising
13166,284,2,875.93,2,2,3,7,2,At risk
13167,19,5,1113.15,5,4,3,12,1,Promising
13168,37,5,1838.63,4,4,4,12,1,Promising
13169,64,3,840.08,3,3,3,9,1,Promising
13170,27,1,108.81,4,1,1,6,1,Promising
13171,22,3,468.41,4,3,2,9,1,Promising
13172,401,1,69.6,2,1,1,4,0,Lost
13173,5,11,2389.82,5,5,4,14,3,Champions
13174,17,11,7972.46,5,5,5,15,3,Champions
13175,583,2,805.5,1,2,3,6,0,Lost
13176,47,1,481.49,4,1,2,7,1,Promising
13177,65,2,512.2,3,2,2,7,1,Promising
13178,27,21,14051.39,4,5,5,14,3,Champions
13179,619,1,572.3100000000001,1,1,2,4,0,Lost
13180,608,1,86.10000000000001,1,1,1,3,0,Lost
13181,382,1,359.69,2,1,2,5,0,Lost
13182,46,1,121.18,4,1,1,6,0,Lost
13183,8,15,7028.38,5,5,5,15,3,Champions
13184,15,10,1615.45,5,5,4,14,3,Champions
13185,268,1,71.4,2,1,1,4,0,Lost
13186,40,3,1575.89,4,3,4,11,1,Promising
13187,338,4,328.36,2,3,2,7,0,Lost
13188,12,1,114.6,5,1,1,7,1,Promising
13189,19,2,260.68,5,2,1,8,1,Promising
13190,545,3,570.66,1,3,2,6,0,Lost
13191,659,1,159.21,1,1,1,3,0,Lost
13192,96,6,2558.58,3,4,4,11,2,At risk
13193,62,1,112.08,3,1,1,5,0,Lost
13194,136,2,472.78,3,2,2,7,0,Lost
13195,415,1,136.73,1,1,1,3,0,Lost
13196,12,7,3068.84,5,4,5,14,3,Champions
13197,610,1,373.0100000000001,1,1,2,4,0,Lost
13198,11,8,4929.33,5,4,5,14,3,Champions
13199,4,66,15936.05,5,5,5,15,3,Champions
13200,20,4,870.09,5,3,3,11,1,Promising
13201,503,4,1233.06,1,3,4,8,2,At risk
13202,395,7,1580.3,2,4,4,10,2,At risk
13203,10,10,2630.55,5,5,4,14,3,Champions
13204,732,1,966.66,1,1,3,5,0,Lost
13205,444,1,2803.2,1,1,4,6,2,At risk
13206,401,13,8308.19,2,5,5,12,2,At risk
13207,16,4,535.86,5,3,2,10,1,Promising
13208,60,8,1951.82,3,4,4,11,2,At risk
13209,31,13,8509.51,4,5,5,14,3,Champions
13210,94,1,353.48,3,1,2,6,0,Lost
13211,11,10,2618.77,5,5,4,14,3,Champions
13212,20,3,786.83,5,3,3,11,1,Promising
13213,57,11,3851.52,4,5,5,14,3,Champions
13214,418,7,3264.23,1,4,5,10,2,At risk
13215,403,1,81.6,2,1,1,4,0,Lost
13216,268,1,333.74,2,1,2,5,0,Lost
13217,123,3,269.52,3,3,1,7,0,Lost
13218,128,1,62.64,3,1,1,5,0,Lost
13219,619,1,76.23,1,1,1,3,0,Lost
13220,79,5,1336.09,3,4,4,11,2,At risk
13221,241,2,844.86,2,2,3,7,2,At risk
13222,578,1,88.5,1,1,1,3,0,Lost
13223,201,6,969.12,2,4,3,9,2,At risk
13224,61,2,2152.95,3,2,4,9,2,At risk
13225,4,16,16260.07,5,5,5,15,3,Champions
13226,274,2,312.46,2,2,2,6,0,Lost
13227,202,1,257.7,2,1,1,4,0,Lost
13228,82,1,358.0,3,1,2,6,0,Lost
13229,226,1,160.95,2,1,1,4,0,Lost
13230,5,30,6065.95,5,5,5,15,3,Champions
13232,13,7,1327.75,5,4,4,13,1,Promising
13233,75,4,1176.46,3,3,3,9,2,At risk
13234,673,2,346.5,1,2,2,5,0,Lost
13235,213,1,1031.07,2,1,3,6,0,Lost
13236,25,2,744.85,4,2,3,9,1,Promising
13237,388,1,643.0,2,1,3,6,0,Lost
13238,18,6,986.73,5,4,3,12,1,Promising
13239,262,5,1594.69,2,4,4,10,2,At risk
13240,97,8,1455.39,3,4,4,11,2,At risk
13241,412,1,112.53,1,1,1,3,0,Lost
13242,113,7,699.4,3,4,3,10,2,At risk
13243,204,5,1220.38,2,4,4,10,2,At risk
13244,93,1,121.74,3,1,1,5,0,Lost
13245,51,2,989.22,4,2,3,9,1,Promising
13246,19,11,3346.55,5,5,5,15,3,Champions
13247,18,4,501.12,5,3,2,10,1,Promising
13248,125,2,465.68,3,2,2,7,0,Lost
13249,93,9,1608.9299999999998,3,5,4,12,2,At risk
13250,461,2,253.09,1,2,1,4,0,Lost
13251,403,1,252.68,2,1,1,4,0,Lost
13252,395,2,348.45,2,2,2,6,0,Lost
13253,157,4,2951.11,3,3,5,11,2,At risk
13254,377,1,51.41,2,1,1,4,0,Lost
13255,10,3,678.76,5,3,3,11,1,Promising
13257,437,1,134.9,1,1,1,3,0,Lost
13258,12,5,1009.43,5,4,3,12,1,Promising
13259,62,9,1398.79,3,5,4,12,2,At risk
13260,62,1,557.62,3,1,2,6,1,Promising
13261,269,2,944.1,2,2,3,7,2,At risk
13262,264,3,573.45,2,3,2,7,2,At risk
13263,2,38,8650.98,5,5,5,15,3,Champions
13264,443,1,722.5600000000001,1,1,3,5,0,Lost
13265,54,5,2092.66,4,4,4,12,2,At risk
13266,12,18,6046.47,5,5,5,15,3,Champions
13267,3,36,9354.91,5,5,5,15,3,Champions
13268,18,10,3116.36,5,5,5,15,3,Champions
13269,2,28,8537.32,5,5,5,15,3,Champions
13270,367,1,590.0,2,1,2,5,0,Lost
13271,38,1,192.77,4,1,1,6,1,Promising
13272,32,2,276.56,4,2,1,7,1,Promising
13273,114,1,138.98,3,1,1,5,0,Lost
13274,410,1,360.85,1,1,2,4,0,Lost
13275,384,2,238.86,2,2,1,5,0,Lost
13276,64,5,1883.96,3,4,4,11,2,At risk
13277,16,7,523.3,5,4,2,11,1,Promising
13278,41,4,1425.35,4,3,4,11,1,Promising
13279,79,1,137.75,3,1,1,5,0,Lost
13280,123,7,2267.83,3,4,4,11,2,At risk
13281,440,1,350.85,1,1,2,4,0,Lost
13282,19,4,1313.19,5,3,4,12,1,Promising
13283,60,4,373.36,3,3,2,8,1,Promising
13284,331,1,196.15,2,1,1,4,0,Lost
13285,24,6,3364.59,4,4,5,13,3,Champions
13286,601,1,734.91,1,1,3,5,0,Lost
13287,604,3,559.06,1,3,2,6,0,Lost
13288,444,5,902.11,1,4,3,8,2,At risk
13289,724,1,307.95,1,1,2,4,0,Lost
13291,156,11,3270.79,3,5,5,13,2,At risk
13292,39,5,987.79,4,4,3,11,1,Promising
13293,393,6,1192.94,2,4,4,10,2,At risk
13294,190,3,1689.53,2,3,4,9,2,At risk
13295,360,4,1081.67,2,3,3,8,2,At risk
13296,138,6,792.51,3,4,3,10,2,At risk
13297,8,7,4352.67,5,4,5,14,3,Champions
13298,2,1,360.0,5,1,2,8,1,Promising
13299,269,3,1189.0,2,3,3,8,2,At risk
13300,170,3,1273.81,3,3,4,10,2,At risk
13301,104,4,600.1899999999999,3,3,3,9,2,At risk
13302,156,2,159.2,3,2,1,6,0,Lost
13303,401,1,61.72,2,1,1,4,0,Lost
13304,352,4,1150.59,2,3,3,8,2,At risk
13305,5,16,3616.41,5,5,5,15,3,Champions
13306,431,1,53.65,1,1,1,3,0,Lost
13307,121,3,273.34,3,3,1,7,0,Lost
13308,23,4,1670.37,4,3,4,11,1,Promising
13309,8,6,1706.37,5,4,4,13,1,Promising
13310,29,5,1511.85,4,4,4,12,1,Promising
13311,5,2,598.57,5,2,3,10,1,Promising
13312,452,1,124.75,1,1,1,3,0,Lost
13313,23,12,3445.32,4,5,5,14,3,Champions
13314,2,3,599.41,5,3,3,11,1,Promising
13315,690,1,310.26000000000005,1,1,2,4,0,Lost
13316,38,10,12818.42,4,5,5,14,3,Champions
13317,67,19,6328.9400000000005,3,5,5,13,3,Champions
13318,2,3,640.76,5,3,3,11,1,Promising
13319,6,58,21231.07,5,5,5,15,3,Champions
13320,79,6,2160.45,3,4,4,11,2,At risk
13321,73,2,567.36,3,2,2,7,1,Promising
13322,18,1,199.48,5,1,1,7,1,Promising
13323,4,5,787.85,5,4,3,12,1,Promising
13324,37,18,10502.72,4,5,5,14,3,Champions
13325,82,1,675.3,3,1,3,7,1,Promising
13326,433,1,281.76,1,1,2,4,0,Lost
13327,39,19,8988.67,4,5,5,14,3,Champions
13328,317,1,1308.48,2,1,4,7,0,Lost
13329,32,8,4764.97,4,4,5,13,3,Champions
13330,93,6,2796.1,3,4,4,11,2,At risk
13331,402,1,262.4,2,1,1,4,0,Lost
13332,15,1,350.90000000000003,5,1,2,8,1,Promising
13333,412,3,1015.74,1,3,3,7,2,At risk
13334,83,5,6201.8,3,4,5,12,2,At risk
13336,78,1,795.12,3,1,3,7,1,Promising
13337,547,1,1550.06,1,1,4,6,0,Lost
13338,158,4,2300.92,3,3,4,10,2,At risk
13339,201,1,860.12,2,1,3,6,0,Lost
13340,46,12,22100.56,4,5,5,14,3,Champions
13341,261,1,775.85,2,1,3,6,0,Lost
13343,178,1,253.93,3,1,1,5,0,Lost
13344,68,3,2511.69,3,3,4,10,2,At risk
13345,288,1,339.5,2,1,2,5,0,Lost
13346,463,6,299.4,1,4,2,7,2,At risk
13347,71,1,291.36,3,1,2,6,0,Lost
13348,65,1,233.76,3,1,1,5,0,Lost
13349,11,1,197.32,5,1,1,7,1,Promising
13350,17,2,829.1700000000001,5,2,3,10,1,Promising
13351,67,1,323.94,3,1,2,6,0,Lost
13352,61,1,347.98,3,1,2,6,1,Promising
13354,72,1,743.53,3,1,3,7,1,Promising
13355,123,1,674.7,3,1,3,7,0,Lost
13356,81,1,768.24,3,1,3,7,1,Promising
13357,258,5,3795.01,2,4,5,11,2,At risk
13358,269,1,389.03,2,1,2,5,0,Lost
13359,64,2,917.46,3,2,3,8,1,Promising
13360,432,4,1503.65,1,3,4,8,2,At risk
13361,473,2,1450.5,1,2,4,7,2,At risk
13362,10,7,5381.47,5,4,5,14,3,Champions
13363,18,3,1623.86,5,3,4,12,1,Promising
13365,34,2,2207.52,4,2,4,10,1,Promising
13366,51,1,56.16,4,1,1,6,0,Lost
13367,432,1,460.2,1,1,2,4,0,Lost
13368,257,4,986.1,2,3,3,8,2,At risk
13369,366,1,231.38,2,1,1,4,0,Lost
13370,372,1,737.87,2,1,3,6,0,Lost
13371,506,2,2297.66,1,2,4,7,2,At risk
13372,90,1,328.64,3,1,2,6,0,Lost
13373,61,6,7587.19,3,4,5,12,3,Champions
13374,415,2,372.8,1,2,2,5,0,Lost
13375,89,2,1792.23,3,2,4,9,2,At risk
13376,100,3,869.76,3,3,3,9,2,At risk
13377,397,2,1452.88,2,2,4,8,2,At risk
13379,27,3,572.56,4,3,2,9,1,Promising
13380,433,1,62.4,1,1,1,3,0,Lost
13381,32,12,8224.37,4,5,5,14,3,Champions
13382,281,5,1387.58,2,4,4,10,2,At risk
13383,544,1,305.28000000000003,1,1,2,4,0,Lost
13384,31,11,6668.08,4,5,5,14,3,Champions
13385,330,1,534.57,2,1,2,5,0,Lost
13386,415,2,835.46,1,2,3,6,0,Lost
13387,418,1,181.84,1,1,1,3,0,Lost
13388,132,3,1135.7,3,3,3,9,2,At risk
13389,12,3,797.96,5,3,3,11,1,Promising
13390,75,1,544.08,3,1,2,6,1,Promising
13391,204,1,59.8,2,1,1,4,0,Lost
13392,678,1,91.14,1,1,1,3,0,Lost
13393,584,4,1131.45,1,3,3,7,2,At risk
13394,2,19,6412.4800000000005,5,5,5,15,3,Champions
13395,186,3,1180.23,3,3,3,9,2,At risk
13396,30,2,1344.64,4,2,4,10,1,Promising
13397,73,10,3140.87,3,5,5,13,3,Champions
13398,193,2,670.34,2,2,3,7,0,Lost
13399,465,3,275.4,1,3,1,5,0,Lost
13400,583,1,310.83,1,1,2,4,0,Lost
13402,128,4,1226.85,3,3,4,10,2,At risk
13403,18,3,229.5,5,3,1,9,1,Promising
13404,2,2,252.49,5,2,1,8,1,Promising
13405,205,5,1198.81,2,4,4,10,2,At risk
13406,428,2,568.92,1,2,2,5,0,Lost
13407,579,3,2194.84,1,3,4,8,2,At risk
13408,2,106,50064.38,5,5,5,15,3,Champions
13410,25,9,2201.96,4,5,4,13,3,Champions
13411,108,1,213.55,3,1,1,5,0,Lost
13412,621,1,487.35,1,1,2,4,0,Lost
13413,640,5,353.12,1,4,2,7,0,Lost
13414,134,6,2494.14,3,4,4,11,2,At risk
13415,473,4,665.42,1,3,3,7,2,At risk
13416,44,3,940.8,4,3,3,10,1,Promising
13417,5,6,1593.89,5,4,4,13,1,Promising
13418,12,31,11315.46,5,5,5,15,3,Champions
13419,64,1,221.06,3,1,1,5,0,Lost
13420,150,2,142.45,3,2,1,6,0,Lost
13421,41,8,4048.25,4,4,5,13,3,Champions
13422,65,1,2626.3,3,1,4,8,1,Promising
13423,429,1,217.03,1,1,1,3,0,Lost
13424,450,1,557.92,1,1,2,4,0,Lost
13425,109,5,3375.58,3,4,5,12,2,At risk
13426,1,22,8167.38,5,5,5,15,3,Champions
13427,20,6,1006.53,5,4,3,12,1,Promising
13428,11,3,478.54,5,3,2,10,1,Promising
13429,11,4,1006.8,5,3,3,11,1,Promising
13430,19,2,666.97,5,2,3,10,1,Promising
13431,68,8,3289.24,3,4,5,12,2,At risk
13432,572,2,436.55,1,2,2,5,0,Lost
13433,502,4,658.32,1,3,3,7,2,At risk
13434,75,5,1666.86,3,4,4,11,2,At risk
13435,6,9,4447.33,5,5,5,15,3,Champions
13436,2,1,196.89,5,1,1,7,1,Promising
13437,15,7,3408.06,5,4,5,14,3,Champions
13438,548,1,46.5,1,1,1,3,0,Lost
13439,256,3,986.61,2,3,3,8,2,At risk
13440,424,7,1280.4,1,4,4,9,2,At risk
13441,92,2,720.9,3,2,3,8,1,Promising
13442,668,3,419.87,1,3,2,6,0,Lost
13443,449,6,1269.37,1,4,4,9,2,At risk
13444,375,2,619.08,2,2,3,7,0,Lost
13445,627,1,241.9,1,1,1,3,0,Lost
13446,431,11,3769.97,1,5,5,11,2,At risk
13447,24,3,1129.14,4,3,3,10,1,Promising
13448,17,12,8315.47,5,5,5,15,3,Champions
13449,24,1,291.88,4,1,2,7,1,Promising
13450,27,13,4120.04,4,5,5,14,3,Champions
13451,27,11,7088.92,4,5,5,14,3,Champions
13452,260,3,729.8,2,3,3,8,2,At risk
13453,166,3,781.69,3,3,3,9,2,At risk
13454,642,1,219.87,1,1,1,3,0,Lost
13455,25,6,2159.89,4,4,4,12,1,Promising
13456,18,6,1746.3200000000002,5,4,4,13,1,Promising
13457,689,2,148.22,1,2,1,4,0,Lost
13458,8,16,11926.07,5,5,5,15,3,Champions
13459,625,2,1160.41,1,2,3,6,2,At risk
13460,30,2,183.44,4,2,1,7,1,Promising
13461,39,6,4160.0,4,4,5,13,3,Champions
13462,253,5,1153.85,2,4,3,9,2,At risk
13464,59,6,3097.64,4,4,5,13,2,At risk
13465,447,2,931.12,1,2,3,6,2,At risk
13466,185,5,1013.35,3,4,3,10,2,At risk
13467,11,2,1071.91,5,2,3,10,1,Promising
13468,2,72,12753.48,5,5,5,15,3,Champions
13469,654,1,82.4,1,1,1,3,0,Lost
13470,100,2,165.0,3,2,1,6,0,Lost
13471,2,4,2501.84,5,3,4,12,1,Promising
13472,464,2,592.24,1,2,2,5,0,Lost
13473,61,8,2416.08,3,4,4,11,2,At risk
13474,237,3,646.59,2,3,3,8,2,At risk
13475,192,4,1431.78,2,3,4,9,2,At risk
13476,179,5,1923.72,3,4,4,11,2,At risk
13477,38,11,2819.17,4,5,4,13,3,Champions
13478,470,5,2068.03,1,4,4,9,2,At risk
13479,201,4,814.42,2,3,3,8,2,At risk
13480,417,2,627.82,1,2,3,6,0,Lost
13481,46,10,3815.84,4,5,5,14,3,Champions
13482,233,2,336.09,2,2,2,6,0,Lost
13483,66,1,140.34,3,1,1,5,0,Lost
13484,242,3,767.32,2,3,3,8,2,At risk
13485,234,11,2972.57,2,5,5,12,2,At risk
13486,79,3,1122.41,3,3,3,9,2,At risk
13487,58,5,846.87,4,4,3,11,2,At risk
13488,18,23,14167.56,5,5,5,15,3,Champions
13489,106,4,449.52,3,3,2,8,2,At risk
13490,655,1,154.25,1,1,1,3,0,Lost
13491,52,27,4467.66,4,5,5,14,3,Champions
13492,137,3,1269.84,3,3,4,10,2,At risk
13493,276,2,498.63,2,2,2,6,0,Lost
13494,312,1,316.26000000000005,2,1,2,5,0,Lost
13495,8,10,4833.61,5,5,5,15,3,Champions
13496,11,2,653.33,5,2,3,10,1,Promising
13497,283,6,1139.8300000000002,2,4,3,9,2,At risk
13498,731,1,327.38,1,1,2,4,0,Lost
13499,18,5,1159.11,5,4,3,12,1,Promising
13500,24,4,1436.3,4,3,4,11,1,Promising
13501,289,3,2870.11,2,3,5,10,2,At risk
13502,17,5,780.5,5,4,3,12,1,Promising
13503,72,5,1766.79,3,4,4,11,2,At risk
13504,65,1,295.93,3,1,2,6,0,Lost
13505,73,4,3583.08,3,3,5,11,2,At risk
13506,317,5,1320.18,2,4,4,10,2,At risk
13507,4,4,2479.16,5,3,4,12,1,Promising
13508,244,2,287.05,2,2,2,6,0,Lost
13509,9,7,1099.72,5,4,3,12,1,Promising
13510,2,11,4541.29,5,5,5,15,3,Champions
13511,677,1,282.76,1,1,2,4,0,Lost
13512,261,4,713.39,2,3,3,8,2,At risk
13513,127,3,814.69,3,3,3,9,2,At risk
13514,74,4,815.9000000000001,3,3,3,9,2,At risk
13515,73,6,1265.82,3,4,4,11,2,At risk
13516,22,4,1685.26,4,3,4,11,1,Promising
13517,60,3,2128.42,3,3,4,10,2,At risk
13518,86,1,627.16,3,1,3,7,0,Lost
13519,79,2,343.21,3,2,2,7,1,Promising
13520,59,11,5409.6,4,5,5,14,3,Champions
13521,2,3,1070.47,5,3,3,11,1,Promising
13522,31,1,125.8,4,1,1,6,1,Promising
13523,34,6,4369.57,4,4,5,13,3,Champions
13524,41,5,680.1800000000001,4,4,3,11,1,Promising
13525,15,2,628.78,5,2,3,10,1,Promising
13526,739,2,942.6,1,2,3,6,0,Lost
13527,34,12,4517.54,4,5,5,14,3,Champions
13529,79,2,307.76,3,2,2,7,0,Lost
13530,635,1,402.98,1,1,2,4,0,Lost
13531,206,6,1433.07,2,4,4,10,2,At risk
13532,34,1,210.31,4,1,1,6,1,Promising
13533,183,3,269.09,3,3,1,7,0,Lost
13534,3,35,7632.25,5,5,5,15,3,Champions
13535,403,1,89.5,2,1,1,4,0,Lost
13536,2,7,3444.39,5,4,5,14,3,Champions
13537,426,2,717.85,1,2,3,6,0,Lost
13538,44,12,3103.13,4,5,5,14,3,Champions
13539,86,7,1556.76,3,4,4,11,2,At risk
13540,468,3,632.39,1,3,3,7,2,At risk
13541,428,2,725.85,1,2,3,6,0,Lost
13542,377,17,3924.09,2,5,5,12,2,At risk
13543,635,2,1439.61,1,2,4,7,2,At risk
13544,40,6,781.7,4,4,3,11,1,Promising
13545,391,2,364.93,2,2,2,6,0,Lost
13546,13,5,1086.24,5,4,3,12,1,Promising
13547,409,1,164.53,2,1,1,4,0,Lost
13548,97,3,901.44,3,3,3,9,2,At risk
13549,26,8,1005.8,4,4,3,11,1,Promising
13550,384,1,342.55,2,1,2,5,0,Lost
13551,320,2,244.2,2,2,1,5,0,Lost
13552,67,22,6813.22,3,5,5,13,3,Champions
13553,675,1,499.6,1,1,2,4,0,Lost
13554,381,7,1562.61,2,4,4,10,2,At risk
13555,74,13,8817.39,3,5,5,13,3,Champions
13556,430,2,200.82,1,2,1,4,0,Lost
13557,29,13,3019.66,4,5,5,14,3,Champions
13558,6,4,594.52,5,3,2,10,1,Promising
13559,513,2,990.0,1,2,3,6,2,At risk
13560,8,1,171.42000000000002,5,1,1,7,1,Promising
13561,216,11,1803.4,2,5,4,11,2,At risk
13562,82,8,4838.18,3,4,5,12,2,At risk
13563,85,2,777.53,3,2,3,8,1,Promising
13564,355,36,15767.72,2,5,5,12,3,Champions
13565,20,3,414.8,5,3,2,10,1,Promising
13566,41,5,1684.75,4,4,4,12,2,At risk
13567,429,4,1074.19,1,3,3,7,2,At risk
13568,174,1,187.05,3,1,1,5,0,Lost
13569,18,4,725.04,5,3,3,11,1,Promising
13570,244,1,239.49,2,1,1,4,0,Lost
13571,13,26,4537.26,5,5,5,15,3,Champions
13572,206,1,1384.25,2,1,4,7,2,At risk
13573,51,6,903.07,4,4,3,11,2,At risk
13574,412,1,404.45,1,1,2,4,0,Lost
13575,24,5,732.07,4,4,3,11,1,Promising
13576,11,28,11184.94,5,5,5,15,3,Champions
13577,26,10,3360.12,4,5,5,14,3,Champions
13578,410,1,147.66,1,1,1,3,0,Lost
13579,15,5,1374.34,5,4,4,13,1,Promising
13580,407,1,107.75,2,1,1,4,0,Lost
13581,310,2,280.53000000000003,2,2,1,5,0,Lost
13582,390,2,241.68,2,2,1,5,0,Lost
13583,156,2,1445.03,3,2,4,9,2,At risk
13584,307,2,361.4,2,2,2,6,0,Lost
13585,531,3,684.54,1,3,3,7,2,At risk
13586,542,1,127.28,1,1,1,3,0,Lost
13587,64,4,1308.1,3,3,4,10,2,At risk
13588,16,9,2451.17,5,5,4,14,3,Champions
13589,15,6,1120.74,5,4,3,12,1,Promising
13590,12,18,6297.34,5,5,5,15,3,Champions
13591,65,7,2093.94,3,4,4,11,2,At risk
13592,36,4,247.96,4,3,1,8,1,Promising
13593,109,14,5444.81,3,5,5,13,3,Champions
13594,53,2,533.32,4,2,2,8,1,Promising
13595,517,3,784.48,1,3,3,7,2,At risk
13596,6,2,664.11,5,2,3,10,1,Promising
13597,401,2,377.21,2,2,2,6,0,Lost
13598,48,5,749.21,4,4,3,11,1,Promising
13599,2,33,9630.01,5,5,5,15,3,Champions
13600,313,2,518.42,2,2,2,6,0,Lost
13601,46,4,1159.99,4,3,3,10,1,Promising
13602,65,4,1025.17,3,3,3,9,2,At risk
13603,27,1,164.34,4,1,1,6,1,Promising
13604,659,1,717.62,1,1,3,5,0,Lost
13605,388,2,522.67,2,2,2,6,0,Lost
13606,30,3,276.75,4,3,1,8,1,Promising
13607,41,2,1058.11,4,2,3,9,1,Promising
13608,541,1,232.05,1,1,1,3,0,Lost
13609,594,1,167.35,1,1,1,3,0,Lost
13610,13,14,2070.71,5,5,4,14,3,Champions
13611,90,10,3297.9300000000003,3,5,5,13,2,At risk
13612,633,1,818.29,1,1,3,5,0,Lost
13613,453,5,1039.85,1,4,3,8,2,At risk
13614,25,6,2332.74,4,4,4,12,1,Promising
13615,319,8,6254.83,2,4,5,11,2,At risk
13616,569,2,283.85,1,2,2,5,0,Lost
13617,41,8,1263.8,4,4,4,12,2,At risk
13618,174,1,177.34,3,1,1,5,0,Lost
13619,545,2,223.44,1,2,1,4,0,Lost
13620,529,1,112.34,1,1,1,3,0,Lost
13621,117,1,213.85,3,1,1,5,0,Lost
13622,697,1,658.95,1,1,3,5,0,Lost
13623,31,10,2495.71,4,5,4,13,3,Champions
13624,389,1,427.18,2,1,2,5,0,Lost
13625,597,1,301.26,1,1,2,4,0,Lost
13626,253,2,691.14,2,2,3,7,0,Lost
13627,60,7,2219.25,3,4,4,11,2,At risk
13628,677,1,310.14,1,1,2,4,0,Lost
13629,24,19,13370.86,4,5,5,14,3,Champions
13630,6,7,2031.78,5,4,4,13,3,Champions
13631,100,11,3070.42,3,5,5,13,2,At risk
13632,25,8,3645.81,4,4,5,13,3,Champions
13634,34,14,4434.16,4,5,5,14,3,Champions
13635,68,4,2972.16,3,3,5,11,2,At risk
13636,37,5,949.12,4,4,3,11,1,Promising
13637,53,3,803.05,4,3,3,10,1,Promising
13638,16,1,122.64,5,1,1,7,1,Promising
13639,75,2,1346.27,3,2,4,9,2,At risk
13640,612,1,405.0,1,1,2,4,0,Lost
13641,641,4,942.37,1,3,3,7,2,At risk
13642,216,4,459.45,2,3,2,7,2,At risk
13643,32,10,2156.77,4,5,4,13,3,Champions
13644,17,4,2599.26,5,3,4,12,1,Promising
13645,121,1,252.1,3,1,1,5,0,Lost
13646,400,2,326.25,2,2,2,6,0,Lost
13647,10,8,3041.68,5,4,5,14,3,Champions
13648,401,7,1721.37,2,4,4,10,2,At risk
13649,257,6,1453.68,2,4,4,10,2,At risk
13650,17,10,3215.25,5,5,5,15,3,Champions
13651,40,2,193.95,4,2,1,7,1,Promising
13652,46,5,2262.05,4,4,4,12,2,At risk
13653,488,1,152.2,1,1,1,3,0,Lost
13654,44,11,6308.0,4,5,5,14,3,Champions
13655,115,6,2268.01,3,4,4,11,2,At risk
13656,165,4,1078.85,3,3,3,9,2,At risk
13657,11,2,382.14,5,2,2,9,1,Promising
13658,10,9,5838.22,5,5,5,15,3,Champions
13659,206,12,4840.9800000000005,2,5,5,12,2,At risk
13660,401,1,306.64,2,1,2,5,0,Lost
13661,604,1,325.24,1,1,2,4,0,Lost
13662,86,11,2206.81,3,5,4,12,2,At risk
13663,180,5,2047.51,3,4,4,11,2,At risk
13665,387,3,1711.66,2,3,4,9,2,At risk
13666,61,5,127.05,3,4,1,8,1,Promising
13667,150,1,299.05,3,1,2,6,0,Lost
13668,3,35,12812.93,5,5,5,15,3,Champions
13669,51,3,413.55,4,3,2,9,1,Promising
13670,76,1,349.7,3,1,2,6,0,Lost
13671,395,1,172.6,2,1,1,4,0,Lost
13672,302,2,295.66,2,2,2,6,0,Lost
13673,19,2,387.44,5,2,2,9,1,Promising
13674,433,1,225.83,1,1,1,3,0,Lost
13675,152,2,486.8200000000001,3,2,2,7,0,Lost
13676,540,2,153.15,1,2,1,4,0,Lost
13677,405,2,551.24,2,2,2,6,0,Lost
13678,152,1,232.6,3,1,1,5,0,Lost
13679,494,3,281.26,1,3,2,6,0,Lost
13680,2,11,9899.56,5,5,5,15,3,Champions
13681,18,4,827.83,5,3,3,11,1,Promising
13682,188,1,59.5,2,1,1,4,0,Lost
13683,458,1,258.6,1,1,1,3,0,Lost
13684,286,4,550.78,2,3,2,7,2,At risk
13685,3,7,3119.44,5,4,5,14,3,Champions
13686,183,3,409.04,3,3,2,8,0,Lost
13687,439,1,11880.84,1,1,5,7,2,At risk
13688,636,1,375.5,1,1,2,4,0,Lost
13689,64,2,1259.5,3,2,4,9,1,Promising
13690,60,1,172.25,3,1,1,5,0,Lost
13691,397,1,210.78,2,1,1,4,0,Lost
13692,25,5,3099.45,4,4,5,13,1,Promising
13693,375,9,1996.97,2,5,4,11,2,At risk
13694,4,141,191233.07,5,5,5,15,3,Champions
13695,32,16,2770.73,4,5,4,13,3,Champions
13696,422,3,2020.4,1,3,4,8,2,At risk
13697,39,1,151.3,4,1,1,6,1,Promising
13698,597,2,451.73,1,2,2,5,0,Lost
13699,156,2,744.25,3,2,3,8,2,At risk
13700,27,13,2596.9700000000003,4,5,4,13,3,Champions
13701,447,1,161.0,1,1,1,3,0,Lost
13702,446,1,135.18,1,1,1,3,0,Lost
13703,319,1,99.5,2,1,1,4,0,Lost
13704,6,9,2308.06,5,5,4,14,3,Champions
13705,8,7,1717.19,5,4,4,13,3,Champions
13706,303,2,631.1700000000001,2,2,3,7,0,Lost
13707,268,5,3365.86,2,4,5,11,2,At risk
13708,272,1,283.33,2,1,2,5,0,Lost
13709,4,18,7538.55,5,5,5,15,3,Champions
13710,32,3,509.52,4,3,2,9,1,Promising
13711,219,9,1792.26,2,5,4,11,2,At risk
13712,247,2,766.42,2,2,3,7,0,Lost
13713,409,3,740.76,2,3,3,8,2,At risk
13714,466,1,161.35,1,1,1,3,0,Lost
13715,282,17,8129.24,2,5,5,12,3,Champions
13716,270,1,138.28,2,1,1,4,0,Lost
13717,33,8,1750.55,4,4,4,12,3,Champions
13718,247,2,306.55,2,2,2,6,0,Lost
13719,16,11,2782.1,5,5,4,14,3,Champions
13720,117,4,799.9,3,3,3,9,2,At risk
13721,37,2,741.54,4,2,3,9,1,Promising
13722,132,10,5635.41,3,5,5,13,2,At risk
13723,218,6,1194.08,2,4,4,10,2,At risk
13724,638,1,213.01,1,1,1,3,0,Lost
13725,50,8,1967.36,4,4,4,12,2,At risk
13726,39,2,1079.66,4,2,3,9,1,Promising
13727,29,8,1061.4,4,4,3,11,1,Promising
13728,37,16,2855.17,4,5,4,13,3,Champions
13729,436,3,724.73,1,3,3,7,2,At risk
13730,136,2,752.6,3,2,3,8,2,At risk
13731,220,2,610.59,2,2,3,7,0,Lost
13732,29,1,491.86,4,1,2,7,1,Promising
13733,411,2,487.03,1,2,2,5,0,Lost
13734,509,3,3445.3400000000006,1,3,5,9,2,At risk
13735,25,13,9522.47,4,5,5,14,3,Champions
13736,6,7,2740.32,5,4,4,13,3,Champions
13737,201,1,339.6,2,1,2,5,0,Lost
13738,397,1,434.78,2,1,2,5,0,Lost
13739,19,2,292.2,5,2,2,9,1,Promising
13740,241,5,1582.77,2,4,4,10,2,At risk
13741,72,3,668.4300000000001,3,3,3,9,1,Promising
13742,17,12,3107.87,5,5,5,15,3,Champions
13743,3,7,1341.6,5,4,4,13,1,Promising
13744,96,2,1080.52,3,2,3,8,2,At risk
13745,163,2,763.82,3,2,3,8,2,At risk
13746,414,1,176.69,1,1,1,3,0,Lost
13747,374,2,169.8,2,2,1,5,0,Lost
13748,96,9,2064.35,3,5,4,12,2,At risk
13750,54,11,3602.18,4,5,5,14,3,Champions
13751,289,1,296.25,2,1,2,5,0,Lost
13752,125,7,1579.8300000000002,3,4,4,11,2,At risk
13753,288,4,2094.57,2,3,4,9,2,At risk
13754,152,3,447.05,3,3,2,8,0,Lost
13755,4,9,2108.06,5,5,4,14,3,Champions
13756,3,23,8605.550000000001,5,5,5,15,3,Champions
13757,675,1,195.55,1,1,1,3,0,Lost
13758,12,14,8558.54,5,5,5,15,3,Champions
13759,34,2,659.4100000000001,4,2,3,9,1,Promising
13760,55,5,1363.64,4,4,4,12,2,At risk
13761,51,6,1952.17,4,4,4,12,2,At risk
13762,594,4,2165.76,1,3,4,8,2,At risk
13763,64,3,5217.44,3,3,5,11,2,At risk
13764,71,6,2908.67,3,4,5,12,2,At risk
13765,654,1,352.82,1,1,2,4,0,Lost
13766,496,1,190.35,1,1,1,3,0,Lost
13767,3,73,33820.12,5,5,5,15,3,Champions
13768,727,2,875.97,1,2,3,6,0,Lost
13769,3,20,5478.12,5,5,5,15,3,Champions
13770,423,4,785.37,1,3,3,7,2,At risk
13771,65,9,5728.82,3,5,5,13,3,Champions
13772,34,8,3092.07,4,4,5,13,3,Champions
13773,397,2,301.54,2,2,2,6,0,Lost
13774,82,1,345.0,3,1,2,6,0,Lost
13775,591,1,1049.66,1,1,3,5,0,Lost
13777,1,61,49638.26,5,5,5,15,3,Champions
13778,104,4,1124.49,3,3,3,9,2,At risk
13779,516,1,161.13,1,1,1,3,0,Lost
13780,8,3,732.07,5,3,3,11,1,Promising
13781,251,3,778.83,2,3,3,8,2,At risk
13782,13,13,1778.13,5,5,4,14,3,Champions
13783,488,4,1542.09,1,3,4,8,2,At risk
13784,10,14,2910.23,5,5,5,15,3,Champions
13785,429,4,542.49,1,3,2,6,2,At risk
13786,368,6,3112.99,2,4,5,11,2,At risk
13787,76,6,1203.55,3,4,4,11,2,At risk
13788,506,1,3.75,1,1,1,3,0,Lost
13789,389,1,239.46,2,1,1,4,0,Lost
13790,5,1,348.79999999999995,5,1,2,8,1,Promising
13791,128,2,1516.0,3,2,4,9,2,At risk
13792,67,3,383.95,3,3,2,8,1,Promising
13793,647,1,96.0,1,1,1,3,0,Lost
13794,547,1,126.03,1,1,1,3,0,Lost
13795,389,4,836.3,2,3,3,8,2,At risk
13796,500,1,289.7,1,1,2,4,0,Lost
13797,437,3,1179.45,1,3,3,7,2,At risk
13798,2,109,74461.81,5,5,5,15,3,Champions
13799,117,9,2672.77,3,5,4,12,2,At risk
13800,310,3,1679.56,2,3,4,9,2,At risk
13801,67,1,324.8,3,1,2,6,0,Lost
13802,139,19,25839.11,3,5,5,13,3,Champions
13803,256,3,1319.11,2,3,4,9,2,At risk
13804,31,9,3161.12,4,5,5,14,3,Champions
13805,53,2,924.6,4,2,3,9,1,Promising
13806,64,1,256.38,3,1,1,5,0,Lost
13807,368,3,422.2,2,3,2,7,0,Lost
13808,6,5,1747.66,5,4,4,13,1,Promising
13809,306,3,679.6999999999999,2,3,3,8,2,At risk
13810,29,2,827.51,4,2,3,9,1,Promising
13811,184,2,519.75,3,2,2,7,0,Lost
13812,43,3,485.0,4,3,2,9,1,Promising
13813,40,8,2360.52,4,4,4,12,3,Champions
13814,93,3,2240.32,3,3,4,10,2,At risk
13815,23,8,6584.74,4,4,5,13,3,Champions
13816,24,2,499.67,4,2,2,8,1,Promising
13817,30,2,328.98,4,2,2,8,1,Promising
13818,430,1,61.28,1,1,1,3,0,Lost
13819,302,6,2642.35,2,4,4,10,2,At risk
13820,419,3,652.75,1,3,3,7,2,At risk
13821,145,6,1355.38,3,4,4,11,2,At risk
13822,6,2,632.0,5,2,3,10,1,Promising
13823,19,7,3361.5,5,4,5,14,3,Champions
13824,33,12,3314.76,4,5,5,14,3,Champions
13825,622,2,255.59,1,2,1,4,0,Lost
13826,177,1,189.5,3,1,1,5,0,Lost
13827,58,3,409.8,4,3,2,9,1,Promising
13828,23,1,209.49,4,1,1,6,1,Promising
13830,582,1,141.9,1,1,1,3,0,Lost
13831,17,18,6585.54,5,5,5,15,3,Champions
13832,20,2,609.89,5,2,3,10,1,Promising
13833,160,2,700.41,3,2,3,8,2,At risk
13834,577,2,324.19,1,2,2,5,0,Lost
13835,26,7,1095.27,4,4,3,11,1,Promising
13836,400,2,620.37,2,2,3,7,0,Lost
13837,212,2,266.59000000000003,2,2,1,5,0,Lost
13838,6,10,1690.07,5,5,4,14,3,Champions
13839,487,1,139.95000000000002,1,1,1,3,0,Lost
13840,417,1,651.4,1,1,3,5,0,Lost
13841,253,1,85.0,2,1,1,4,0,Lost
13842,59,18,5302.34,4,5,5,14,3,Champions
13843,382,1,319.75,2,1,2,5,0,Lost
13844,12,1,361.62,5,1,2,8,1,Promising
13845,65,1,312.98,3,1,2,6,0,Lost
13846,25,4,1307.79,4,3,4,11,1,Promising
13847,720,1,310.72,1,1,2,4,0,Lost
13848,93,8,3015.0,3,4,5,12,2,At risk
13849,52,5,3443.8,4,4,5,13,2,At risk
13850,130,1,1595.48,3,1,4,8,2,At risk
13851,96,8,4516.76,3,4,5,12,2,At risk
13852,611,1,187.35,1,1,1,3,0,Lost
13853,58,1,1090.14,4,1,3,8,1,Promising
13854,9,39,11914.86,5,5,5,15,3,Champions
13855,501,4,1310.34,1,3,4,8,2,At risk
13856,169,11,1142.03,3,5,3,11,2,At risk
13857,394,6,997.01,2,4,3,9,2,At risk
13858,58,1,216.17,4,1,1,6,0,Lost
13859,327,2,515.86,2,2,2,6,0,Lost
13860,2,5,1245.9,5,4,4,13,1,Promising
13861,430,2,256.26,1,2,1,4,0,Lost
13862,19,9,2556.09,5,5,4,14,3,Champions
13863,248,4,1226.8,2,3,4,9,2,At risk
13864,387,1,662.4000000000001,2,1,3,6,0,Lost
13865,59,4,501.56,4,3,2,9,1,Promising
13866,75,1,145.67,3,1,1,5,0,Lost
13867,32,3,1005.09,4,3,3,10,1,Promising
13868,8,2,3192.54,5,2,5,12,1,Promising
13869,124,10,7996.87,3,5,5,13,3,Champions
13870,3,15,5712.08,5,5,5,15,3,Champions
13871,23,17,7860.650000000001,4,5,5,14,3,Champions
13872,528,3,919.57,1,3,3,7,2,At risk
13873,120,8,1038.92,3,4,3,10,2,At risk
13874,359,7,2049.15,2,4,4,10,2,At risk
13875,54,14,4814.37,4,5,5,14,3,Champions
13876,64,1,122.7,3,1,1,5,0,Lost
13877,87,3,449.68,3,3,2,8,1,Promising
13878,55,4,2416.9,4,3,4,11,2,At risk
13879,646,1,395.5,1,1,2,4,0,Lost
13880,22,17,4293.86,4,5,5,14,3,Champions
13881,4,42,44673.1,5,5,5,15,3,Champions
13882,3,5,1131.28,5,4,3,12,1,Promising
13883,11,14,6430.04,5,5,5,15,3,Champions
13884,8,10,1795.23,5,5,4,14,3,Champions
13885,190,2,506.8,2,2,2,6,0,Lost
13886,72,1,243.56,3,1,1,5,0,Lost
13887,205,1,349.55,2,1,2,5,0,Lost
13888,120,7,2001.59,3,4,4,11,2,At risk
13889,93,6,1937.23,3,4,4,11,2,At risk
13890,2,14,2912.38,5,5,5,15,3,Champions
13891,379,3,859.21,2,3,3,8,2,At risk
13892,27,6,1267.65,4,4,4,12,1,Promising
13893,298,1,821.1,2,1,3,6,0,Lost
13894,24,3,554.72,4,3,2,9,1,Promising
13895,29,6,3928.57,4,4,5,13,3,Champions
13896,626,1,388.55,1,1,2,4,0,Lost
13897,51,3,1160.72,4,3,3,10,1,Promising
13898,326,2,686.4,2,2,3,7,0,Lost
13899,17,2,388.52,5,2,2,9,1,Promising
13900,184,6,1610.59,3,4,4,11,2,At risk
13901,73,15,5617.04,3,5,5,13,3,Champions
13902,633,5,30392.46,1,4,5,10,2,At risk
13903,401,1,165.45000000000002,2,1,1,4,0,Lost
13904,38,2,332.64,4,2,2,8,1,Promising
13905,733,1,312.65,1,1,2,4,0,Lost
13906,410,1,42.0,1,1,1,3,0,Lost
13907,692,1,136.8,1,1,1,3,0,Lost
13908,80,4,2304.7,3,3,4,10,2,At risk
13909,424,2,282.85,1,2,2,5,0,Lost
13911,58,20,4215.09,4,5,5,14,3,Champions
13912,424,1,124.95,1,1,1,3,0,Lost
13913,507,1,42.22,1,1,1,3,0,Lost
13914,12,2,613.95,5,2,3,10,1,Promising
13915,395,1,70.80000000000001,2,1,1,4,0,Lost
13916,464,4,1275.81,1,3,4,8,2,At risk
13917,50,2,272.04,4,2,1,7,1,Promising
13918,50,2,1212.84,4,2,4,10,1,Promising
13919,60,4,1242.18,3,3,4,10,2,At risk
13920,432,4,1734.88,1,3,4,8,2,At risk
13921,403,4,720.75,2,3,3,8,2,At risk
13922,352,3,834.6,2,3,3,8,2,At risk
13923,54,1,351.13,4,1,2,7,1,Promising
13924,2,6,1804.1,5,4,4,13,1,Promising
13925,93,4,616.65,3,3,3,9,2,At risk
13926,24,1,223.85,4,1,1,6,1,Promising
13927,75,2,708.26,3,2,3,8,1,Promising
13928,11,4,464.57,5,3,2,10,1,Promising
13929,170,10,3417.6,3,5,5,13,2,At risk
13930,58,2,337.34,4,2,2,8,1,Promising
13931,96,11,5257.38,3,5,5,13,3,Champions
13932,295,1,307.4,2,1,2,5,0,Lost
13933,110,2,608.79,3,2,3,8,0,Lost
13934,264,1,922.1,2,1,3,6,0,Lost
13935,597,3,6116.92,1,3,5,9,2,At risk
13936,180,3,924.36,3,3,3,9,2,At risk
13937,170,2,867.38,3,2,3,8,2,At risk
13938,36,1,71.66,4,1,1,6,0,Lost
13939,24,7,1560.96,4,4,4,12,1,Promising
13940,18,4,839.14,5,3,3,11,1,Promising
13941,22,15,9951.58,4,5,5,14,3,Champions
13942,535,1,320.0,1,1,2,4,0,Lost
13943,578,1,246.54,1,1,1,3,0,Lost
13944,654,1,200.43,1,1,1,3,0,Lost
13945,395,2,854.1500000000001,2,2,3,7,0,Lost
13946,80,6,1745.43,3,4,4,11,2,At risk
13947,66,1,90.6,3,1,1,5,0,Lost
13948,361,4,548.76,2,3,2,7,2,At risk
13949,3,6,2427.32,5,4,4,13,3,Champions
13950,12,4,728.5600000000001,5,3,3,11,1,Promising
13951,177,3,674.45,3,3,3,9,2,At risk
13952,218,14,12823.52,2,5,5,12,3,Champions
13953,8,12,6640.68,5,5,5,15,3,Champions
13954,2,2,406.37,5,2,2,9,1,Promising
13955,155,3,544.0699999999999,3,3,2,8,2,At risk
13956,6,5,1019.27,5,4,3,12,1,Promising
13957,418,3,458.25,1,3,2,6,0,Lost
13958,380,8,4580.93,2,4,5,11,2,At risk
13959,80,6,1064.77,3,4,3,10,2,At risk
13960,22,2,230.22,4,2,1,7,1,Promising
13961,393,1,500.15,2,1,2,5,0,Lost
13962,22,3,362.8,4,3,2,9,1,Promising
13963,309,17,2748.32,2,5,4,11,2,At risk
13964,388,2,421.9,2,2,2,6,0,Lost
13965,477,3,777.66,1,3,3,7,2,At risk
13966,436,1,384.26,1,1,2,4,0,Lost
13967,146,2,166.3,3,2,1,6,0,Lost
13968,424,1,123.66,1,1,1,3,0,Lost
13969,8,35,12826.31,5,5,5,15,3,Champions
13970,387,2,846.55,2,2,3,7,0,Lost
13971,19,14,4629.07,5,5,5,15,3,Champions
13972,71,2,190.25,3,2,1,6,0,Lost
13973,288,1,264.7,2,1,1,4,0,Lost
13974,50,2,677.72,4,2,3,9,1,Promising
13975,32,12,5253.1,4,5,5,14,3,Champions
13976,207,4,1192.36,2,3,3,8,2,At risk
13977,412,1,519.8100000000001,1,1,2,4,0,Lost
13978,15,2,196.79,5,2,1,8,1,Promising
13979,74,7,3339.08,3,4,5,12,2,At risk
13980,61,5,744.62,3,4,3,10,2,At risk
13981,416,1,331.14,1,1,2,4,0,Lost
13982,40,9,3949.19,4,5,5,14,3,Champions
13983,30,21,6737.52,4,5,5,14,3,Champions
13984,27,11,1461.32,4,5,4,13,3,Champions
13985,5,22,9991.16,5,5,5,15,3,Champions
13986,18,1,320.46,5,1,2,8,1,Promising
13987,380,2,682.54,2,2,3,7,0,Lost
13988,20,8,4745.3,5,4,5,14,3,Champions
13989,66,5,2026.06,3,4,4,11,2,At risk
13990,214,1,311.3,2,1,2,5,0,Lost
13991,13,6,851.88,5,4,3,12,1,Promising
13992,31,3,219.5,4,3,1,8,1,Promising
13993,43,19,6747.06,4,5,5,14,3,Champions
13994,4,6,2274.14,5,4,4,13,3,Champions
13995,16,14,3862.11,5,5,5,15,3,Champions
13996,387,2,845.76,2,2,3,7,0,Lost
13997,520,3,376.46,1,3,2,6,0,Lost
13998,447,3,566.7,1,3,2,6,0,Lost
13999,11,29,9502.26,5,5,5,15,3,Champions
14000,212,5,2046.34,2,4,4,10,2,At risk
14001,46,9,4228.85,4,5,5,14,3,Champions
14002,135,2,529.73,3,2,2,7,0,Lost
14003,733,1,209.41,1,1,1,3,0,Lost
14004,44,11,6258.45,4,5,5,14,3,Champions
14005,10,5,2874.72,5,4,5,14,1,Promising
14006,116,7,2196.67,3,4,4,11,2,At risk
14007,513,1,79.48,1,1,1,3,0,Lost
14008,433,1,493.74,1,1,2,4,0,Lost
14009,199,3,1099.91,2,3,3,8,2,At risk
14010,566,2,288.1,1,2,2,5,0,Lost
14011,481,2,457.82,1,2,2,5,0,Lost
14012,278,1,328.8,2,1,2,5,0,Lost
14013,111,5,1084.57,3,4,3,10,2,At risk
14014,78,3,1948.21,3,3,4,10,2,At risk
14015,53,1,917.34,4,1,3,8,1,Promising
14016,162,11,11303.41,3,5,5,13,3,Champions
14017,572,1,229.75,1,1,1,3,0,Lost
14018,646,1,367.15,1,1,2,4,0,Lost
14019,47,3,1408.86,4,3,4,11,1,Promising
14020,17,4,1226.31,5,3,4,12,1,Promising
14021,156,7,1716.58,3,4,4,11,2,At risk
14022,226,2,792.15,2,2,3,7,2,At risk
14023,8,2,584.07,5,2,2,9,1,Promising
14024,122,3,645.74,3,3,3,9,2,At risk
14025,465,8,4027.9,1,4,5,10,2,At risk
14026,471,2,713.11,1,2,3,6,0,Lost
14027,61,1,104.82,3,1,1,5,0,Lost
14028,551,2,6786.0,1,2,5,8,2,At risk
14029,64,2,467.66,3,2,2,7,1,Promising
14030,19,20,7521.8,5,5,5,15,3,Champions
14031,8,42,36234.46,5,5,5,15,3,Champions
14032,3,16,4506.45,5,5,5,15,3,Champions
14033,556,1,109.44,1,1,1,3,0,Lost
14034,23,3,509.09,4,3,2,9,1,Promising
14035,29,9,2794.75,4,5,4,13,3,Champions
14036,285,1,626.65,2,1,3,6,0,Lost
14037,177,6,722.2,3,4,3,10,2,At risk
14038,79,5,3037.03,3,4,5,12,2,At risk
14039,34,2,267.28000000000003,4,2,1,7,1,Promising
14040,41,35,12466.06,4,5,5,14,3,Champions
14041,267,1,141.41,2,1,1,4,0,Lost
14042,726,1,431.98,1,1,2,4,0,Lost
14043,492,2,302.6,1,2,2,5,0,Lost
14044,27,10,3057.0,4,5,5,14,3,Champions
14045,110,15,9375.03,3,5,5,13,3,Champions
14046,285,1,151.59,2,1,1,4,0,Lost
14047,9,14,3920.41,5,5,5,15,3,Champions
14048,306,3,725.09,2,3,3,8,2,At risk
14049,17,13,12885.17,5,5,5,15,3,Champions
14050,32,2,746.36,4,2,3,9,1,Promising
14051,1,37,21770.98,5,5,5,15,3,Champions
14052,20,2,466.66,5,2,2,9,1,Promising
14053,125,4,572.3,3,3,2,8,2,At risk
14054,66,1,92.46,3,1,1,5,0,Lost
14055,107,3,1520.96,3,3,4,10,2,At risk
14056,2,23,8103.43,5,5,5,15,3,Champions
14057,24,22,8276.1,4,5,5,14,3,Champions
14058,463,2,469.19,1,2,2,5,0,Lost
14059,267,1,183.6,2,1,1,4,0,Lost
14060,5,30,8893.2,5,5,5,15,3,Champions
14061,508,3,917.43,1,3,3,7,2,At risk
14062,10,24,25503.88,5,5,5,15,3,Champions
14063,687,7,9471.5,1,4,5,10,2,At risk
14064,30,15,3007.4700000000003,4,5,5,14,3,Champions
14065,390,3,891.02,2,3,3,8,2,At risk
14066,267,1,152.55,2,1,1,4,0,Lost
14067,64,2,374.7,3,2,2,7,1,Promising
14068,321,4,1493.32,2,3,4,9,2,At risk
14069,515,2,225.81,1,2,1,4,0,Lost
14070,685,1,321.6,1,1,2,4,0,Lost
14071,4,7,1291.34,5,4,4,13,1,Promising
14072,667,1,390.85,1,1,2,4,0,Lost
14073,33,1,139.54,4,1,1,6,1,Promising
14074,624,1,219.4,1,1,1,3,0,Lost
14075,5,5,1724.87,5,4,4,13,1,Promising
14076,130,1,118.67,3,1,1,5,0,Lost
14077,41,6,615.08,4,4,3,11,1,Promising
14078,102,9,1551.82,3,5,4,12,2,At risk
14079,125,1,375.1,3,1,2,6,0,Lost
14080,33,5,1075.73,4,4,3,11,1,Promising
14081,303,10,4822.17,2,5,5,12,2,At risk
14082,365,2,413.36,2,2,2,6,0,Lost
14083,5,11,1082.19,5,5,3,13,3,Champions
14084,513,1,150.5,1,1,1,3,0,Lost
14085,3,32,9692.92,5,5,5,15,3,Champions
14086,463,1,39.95,1,1,1,3,0,Lost
14087,3,3,786.72,5,3,3,11,1,Promising
14088,11,15,63731.63,5,5,5,15,3,Champions
14089,57,1,158.75,4,1,1,6,0,Lost
14090,325,1,76.32000000000001,2,1,1,4,0,Lost
14091,655,2,9530.08,1,2,5,8,2,At risk
14092,8,24,7229.45,5,5,5,15,3,Champions
14093,13,1,433.86,5,1,2,8,1,Promising
14094,440,1,311.77,1,1,2,4,0,Lost
14095,723,1,2.95,1,1,1,3,0,Lost
14096,5,17,53258.43,5,5,5,15,3,Champions
14097,482,2,422.86,1,2,2,5,0,Lost
14098,37,1,147.35,4,1,1,6,1,Promising
14099,17,20,5727.71,5,5,5,15,3,Champions
14100,138,1,191.95,3,1,1,5,0,Lost
14101,74,13,9961.93,3,5,5,13,3,Champions
14102,6,5,1073.78,5,4,3,12,1,Promising
14104,155,5,740.53,3,4,3,10,2,At risk
14105,240,5,5988.83,2,4,5,11,2,At risk
14106,738,1,214.8,1,1,1,3,0,Lost
14107,52,11,4877.3,4,5,5,14,3,Champions
14108,31,4,1044.96,4,3,3,10,1,Promising
14109,73,1,80.2,3,1,1,5,0,Lost
14110,4,33,12974.45,5,5,5,15,3,Champions
14111,15,4,692.85,5,3,3,11,1,Promising
14112,23,12,5634.14,4,5,5,14,3,Champions
14113,4,16,6787.150000000001,5,5,5,15,3,Champions
14114,274,7,1364.09,2,4,4,10,2,At risk
14115,502,2,622.67,1,2,3,6,0,Lost
14116,20,5,1382.74,5,4,4,13,1,Promising
14117,144,1,90.0,3,1,1,5,0,Lost
14118,429,1,458.45,1,1,2,4,0,Lost
14119,376,2,163.47,2,2,1,5,0,Lost
14121,4,4,2780.15,5,3,4,12,1,Promising
14122,407,3,314.72,2,3,2,7,0,Lost
14123,734,1,436.18,1,1,2,4,0,Lost
14124,85,1,419.58,3,1,2,6,0,Lost
14125,11,3,2720.63,5,3,4,12,1,Promising
14126,11,3,1109.96,5,3,3,11,1,Promising
14127,123,6,1900.08,3,4,4,11,2,At risk
14128,61,3,909.36,3,3,3,9,1,Promising
14129,2,9,2591.34,5,5,4,14,3,Champions
14130,320,4,1858.77,2,3,4,9,2,At risk
14131,649,1,168.22,1,1,1,3,0,Lost
14132,3,11,3586.03,5,5,5,15,3,Champions
14133,130,4,911.14,3,3,3,9,2,At risk
14134,383,15,11123.35,2,5,5,12,2,At risk
14135,2,24,8839.67,5,5,5,15,3,Champions
14136,401,5,1559.86,2,4,4,10,2,At risk
14137,696,1,332.7,1,1,2,4,0,Lost
14138,2,2,965.88,5,2,3,10,1,Promising
14139,47,4,1086.8,4,3,3,10,1,Promising
14140,4,2,920.05,5,2,3,10,1,Promising
14141,3,4,915.13,5,3,3,11,1,Promising
14142,374,2,671.34,2,2,3,7,0,Lost
14143,134,1,115.8,3,1,1,5,0,Lost
14144,487,1,30.6,1,1,1,3,0,Lost
14145,47,7,7006.05,4,4,5,13,3,Champions
14146,9,11,8208.87,5,5,5,15,3,Champions
14147,79,9,2035.2,3,5,4,12,2,At risk
14148,234,2,466.29,2,2,2,6,0,Lost
14149,221,1,267.08000000000004,2,1,1,4,0,Lost
14150,36,2,658.64,4,2,3,9,1,Promising
14151,674,2,666.7,1,2,3,6,0,Lost
14152,76,7,1975.44,3,4,4,11,2,At risk
14153,484,1,233.4,1,1,1,3,0,Lost
14154,240,7,6285.5,2,4,5,11,2,At risk
14155,267,1,118.75,2,1,1,4,0,Lost
14156,10,143,298378.79,5,5,5,15,3,Champions
14157,20,5,978.69,5,4,3,12,1,Promising
14158,41,1,507.66,4,1,2,7,1,Promising
14159,20,20,7539.18,4,5,5,14,3,Champions
14160,611,7,8421.47,1,4,5,10,2,At risk
14161,216,7,2996.93,2,4,5,11,2,At risk
14162,174,2,289.36,3,2,2,7,0,Lost
14163,88,5,2594.62,3,4,4,11,2,At risk
14164,71,2,1631.77,3,2,4,9,2,At risk
14165,276,1,120.44,2,1,1,4,0,Lost
14166,506,2,251.15,1,2,1,4,0,Lost
14167,40,8,1274.29,4,4,4,12,2,At risk
14168,421,2,330.65,1,2,2,5,0,Lost
14169,431,2,613.11,1,2,3,6,0,Lost
14170,376,3,570.18,2,3,2,7,0,Lost
14171,99,2,498.79,3,2,2,7,0,Lost
14172,606,3,356.27,1,3,2,6,0,Lost
14173,11,6,586.0,5,4,2,11,1,Promising
14174,34,1,134.46,4,1,1,6,1,Promising
14175,60,8,7546.63,3,4,5,12,3,Champions
14176,298,5,756.46,2,4,3,9,2,At risk
14177,87,13,2209.69,3,5,4,12,2,At risk
14178,9,7,1580.26,5,4,4,13,1,Promising
14179,41,2,701.57,4,2,3,9,1,Promising
14180,11,33,5915.35,5,5,5,15,3,Champions
14181,411,2,308.35,1,2,2,5,0,Lost
14182,444,4,666.02,1,3,3,7,2,At risk
14183,412,2,278.34000000000003,1,2,1,4,0,Lost
14184,67,1,452.89,3,1,2,6,1,Promising
14185,332,1,197.65,2,1,1,4,0,Lost
14186,428,5,1550.63,1,4,4,9,2,At risk
14187,474,1,123.5,1,1,1,3,0,Lost
14188,31,6,2054.36,4,4,4,12,1,Promising
14189,3,16,5476.95,5,5,5,15,3,Champions
14190,667,1,79.9,1,1,1,3,0,Lost
14191,2,15,4801.76,5,5,5,15,3,Champions
14192,389,1,293.74,2,1,2,5,0,Lost
14193,68,3,1210.19,3,3,4,10,2,At risk
14194,5,36,18567.99,5,5,5,15,3,Champions
14195,202,6,2615.6,2,4,4,10,2,At risk
14196,107,1,335.52,3,1,2,6,0,Lost
14197,411,1,390.05,1,1,2,4,0,Lost
14198,19,9,1569.73,5,5,4,14,3,Champions
14199,219,4,916.5,2,3,3,8,2,At risk
14200,618,1,379.2,1,1,2,4,0,Lost
14201,61,10,1163.84,3,5,3,11,2,At risk
14202,382,3,847.76,2,3,3,8,2,At risk
14203,398,1,339.34,2,1,2,5,0,Lost
14204,3,4,1024.83,5,3,3,11,1,Promising
14205,17,9,2176.0,5,5,4,14,3,Champions
14206,240,3,1165.11,2,3,3,8,2,At risk
14207,688,1,157.8,1,1,1,3,0,Lost
14208,95,2,567.05,3,2,2,7,1,Promising
14209,11,15,4993.27,5,5,5,15,3,Champions
14210,106,16,5556.570000000001,3,5,5,13,3,Champions
14211,54,18,4356.6900000000005,4,5,5,14,3,Champions
14212,90,2,2190.14,3,2,4,9,2,At risk
14214,31,5,1004.38,4,4,3,11,1,Promising
14215,12,9,3250.33,5,5,5,15,3,Champions
14216,4,5,2150.04,5,4,4,13,1,Promising
14217,2,23,3153.14,5,5,5,15,3,Champions
14218,43,1,169.48000000000002,4,1,1,6,1,Promising
14219,5,3,633.83,5,3,3,11,1,Promising
14220,248,4,1515.0,2,3,4,9,2,At risk
14221,43,17,6517.49,4,5,5,14,3,Champions
14222,178,1,683.17,3,1,3,7,0,Lost
14223,93,3,975.23,3,3,3,9,2,At risk
14224,111,9,1841.71,3,5,4,12,2,At risk
14225,435,4,2031.07,1,3,4,8,2,At risk
14226,29,6,2985.13,4,4,5,13,3,Champions
14227,27,15,6349.66,4,5,5,14,3,Champions
14228,438,3,745.5,1,3,3,7,2,At risk
14229,52,7,2579.04,4,4,4,12,2,At risk
14230,436,3,979.8,1,3,3,7,2,At risk
14231,184,4,1137.87,3,3,3,9,2,At risk
14232,43,5,2048.07,4,4,4,12,2,At risk
14233,50,7,2785.47,4,4,4,12,2,At risk
14234,23,4,754.12,4,3,3,10,1,Promising
14235,76,9,4666.99,3,5,5,13,3,Champions
14236,81,5,1555.34,3,4,4,11,2,At risk
14237,374,2,471.14,2,2,2,6,0,Lost
14238,327,3,434.23,2,3,2,7,0,Lost
14239,44,21,4263.17,4,5,5,14,3,Champions
14240,31,3,1247.49,4,3,4,11,1,Promising
14241,184,2,333.7,3,2,2,7,0,Lost
14242,235,2,280.55,2,2,1,5,0,Lost
14243,9,17,7191.25,5,5,5,15,3,Champions
14244,661,1,366.42,1,1,2,4,0,Lost
14245,220,2,1693.45,2,2,4,8,2,At risk
14246,111,3,1474.06,3,3,4,10,2,At risk
14247,279,5,750.61,2,4,3,9,2,At risk
14248,319,3,1032.95,2,3,3,8,2,At risk
14249,411,12,5400.46,1,5,5,11,2,At risk
14250,8,3,1904.05,5,3,4,12,1,Promising
14251,2,5,2879.7000000000003,5,4,5,14,3,Champions
14252,382,1,350.99,2,1,2,5,0,Lost
14253,494,2,363.4,1,2,2,5,0,Lost
14254,433,1,601.03,1,1,3,5,0,Lost
14256,261,5,2426.79,2,4,4,10,2,At risk
14257,65,9,5954.45,3,5,5,13,3,Champions
14258,10,25,31569.24,5,5,5,15,3,Champions
14259,142,1,120.0,3,1,1,5,0,Lost
14260,472,3,824.28,1,3,3,7,2,At risk
14261,51,2,1163.45,4,2,3,9,1,Promising
14262,9,8,2618.23,5,4,4,13,3,Champions
14263,424,1,322.93,1,1,2,4,0,Lost
14264,155,6,1490.36,3,4,4,11,2,At risk
14265,110,4,1373.35,3,3,4,10,2,At risk
14266,429,1,40.56,1,1,1,3,0,Lost
14267,163,3,1312.24,3,3,4,10,2,At risk
14268,471,1,354.85,1,1,2,4,0,Lost
14269,440,1,295.73,1,1,2,4,0,Lost
14270,332,1,492.65,2,1,2,5,0,Lost
14271,226,2,214.18,2,2,1,5,0,Lost
14272,74,4,920.81,3,3,3,9,2,At risk
14273,52,4,559.97,4,3,2,9,1,Promising
14274,687,1,256.6,1,1,1,3,0,Lost
14275,396,6,1189.38,2,4,3,9,2,At risk
14276,99,7,2021.93,3,4,4,11,2,At risk
14277,16,8,4742.12,5,4,5,14,3,Champions
14278,410,1,205.83,1,1,1,3,0,Lost
14279,521,2,191.86,1,2,1,4,0,Lost
14280,197,1,134.04,2,1,1,4,0,Lost
14281,409,1,245.15,2,1,1,4,0,Lost
14282,4,25,7250.76,5,5,5,15,3,Champions
14283,464,4,628.44,1,3,3,7,2,At risk
14284,31,3,1299.65,4,3,4,11,1,Promising
14285,22,8,3284.42,4,4,5,13,3,Champions
14286,24,7,8431.82,4,4,5,13,3,Champions
14287,9,3,156.23,5,3,1,9,1,Promising
14288,214,1,426.6,2,1,2,5,0,Lost
14289,9,6,911.26,5,4,3,12,1,Promising
14290,12,8,4516.56,5,4,5,14,3,Champions
14291,2,23,7864.3,5,5,5,15,3,Champions
14292,8,16,8976.8,5,5,5,15,3,Champions
14293,4,9,2809.41,5,5,4,14,3,Champions
14294,408,1,375.34,2,1,2,5,0,Lost
14295,41,4,2352.91,4,3,4,11,2,At risk
14296,422,2,456.4,1,2,2,5,0,Lost
14297,18,4,1290.48,5,3,4,12,1,Promising
14298,9,82,91154.17,5,5,5,15,3,Champions
14299,9,27,13938.2,5,5,5,15,3,Champions
14300,19,1,43.2,5,1,1,7,1,Promising
14301,118,4,1977.23,3,3,4,10,2,At risk
14302,431,3,742.9000000000001,1,3,3,7,2,At risk
14303,408,2,277.94,2,2,1,5,0,Lost
14304,223,3,1547.41,2,3,4,9,2,At risk
14305,72,3,1841.26,3,3,4,10,2,At risk
14306,52,6,3151.4,4,4,5,13,2,At risk
14307,89,10,4287.92,3,5,5,13,3,Champions
14309,9,11,3780.81,5,5,5,15,3,Champions
14310,433,1,492.1,1,1,2,4,0,Lost
14311,243,2,453.55,2,2,2,6,0,Lost
14312,47,11,3090.29,4,5,5,14,3,Champions
14314,107,2,229.8,3,2,1,6,0,Lost
14315,45,8,3197.82,4,4,5,13,3,Champions
14316,423,5,1370.34,1,4,4,9,2,At risk
14317,65,1,508.58,3,1,2,6,1,Promising
14318,461,1,158.02,1,1,1,3,0,Lost
14319,425,1,494.85,1,1,2,4,0,Lost
14320,207,5,1251.47,2,4,4,10,2,At risk
14321,11,7,2207.08,5,4,4,13,3,Champions
14322,430,4,474.1,1,3,2,6,2,At risk
14323,115,2,587.36,3,2,2,7,0,Lost
14324,410,2,701.61,1,2,3,6,0,Lost
14325,570,1,245.48,1,1,1,3,0,Lost
14326,243,3,923.98,2,3,3,8,2,At risk
14327,164,6,1894.93,3,4,4,11,2,At risk
14329,18,15,9768.77,5,5,5,15,3,Champions
14330,624,1,200.63,1,1,1,3,0,Lost
14331,125,2,462.66,3,2,2,7,0,Lost
14332,23,5,1917.41,4,4,4,12,1,Promising
14333,68,1,402.7,3,1,2,6,0,Lost
14334,17,12,4292.9800000000005,5,5,5,15,3,Champions
14335,17,2,454.86,5,2,2,9,1,Promising
14336,17,4,1614.91,5,3,4,12,1,Promising
14338,162,3,928.1,3,3,3,9,2,At risk
14339,243,2,610.3100000000001,2,2,3,7,0,Lost
14340,219,1,134.7,2,1,1,4,0,Lost
14341,46,18,4436.12,4,5,5,14,3,Champions
14342,22,6,903.59,4,4,3,11,1,Promising
14343,422,4,1079.66,1,3,3,7,2,At risk
14344,128,20,2993.05,3,5,5,13,3,Champions
14345,39,1,108.98,4,1,1,6,0,Lost
14346,121,5,2315.75,3,4,4,11,2,At risk
14347,737,1,82.60000000000001,1,1,1,3,0,Lost
14348,261,1,409.57,2,1,2,5,0,Lost
14349,11,1,133.5,5,1,1,7,1,Promising
14350,275,3,954.15,2,3,3,8,2,At risk
14351,165,1,51.0,3,1,1,5,0,Lost
14352,158,4,1078.96,3,3,3,9,2,At risk
14353,216,3,376.5,2,3,2,7,0,Lost
14354,6,2,163.62,5,2,1,8,1,Promising
14355,366,3,840.0500000000001,2,3,3,8,2,At risk
14356,80,2,683.89,3,2,3,8,1,Promising
14357,44,1,225.12,4,1,1,6,1,Promising
14358,390,2,400.06,2,2,2,6,0,Lost
14359,20,3,897.1800000000001,4,3,3,10,1,Promising
14360,32,4,2118.03,4,3,4,11,1,Promising
14361,579,1,214.71,1,1,1,3,0,Lost
14362,23,1,151.5,4,1,1,6,1,Promising
14363,403,2,227.47000000000003,2,2,1,5,0,Lost
14364,109,8,3717.35,3,4,5,12,2,At risk
14365,395,2,634.68,2,2,3,7,0,Lost
14366,526,1,136.0,1,1,1,3,0,Lost
14367,9,15,9147.42,5,5,5,15,3,Champions
14368,320,1,155.0,2,1,1,4,0,Lost
14369,643,2,469.13,1,2,2,5,0,Lost
14370,451,6,1129.83,1,4,3,8,2,At risk
14371,296,1,100.5,2,1,1,4,0,Lost
14372,444,2,860.08,1,2,3,6,0,Lost
14373,359,1,76.55,2,1,1,4,0,Lost
14374,542,1,108.0,1,1,1,3,0,Lost
14375,186,3,1106.82,3,3,3,9,2,At risk
14376,684,1,215.46,1,1,1,3,0,Lost
14377,192,2,617.05,2,2,3,7,0,Lost
14378,622,1,131.25,1,1,1,3,0,Lost
14379,45,4,1265.16,4,3,4,11,1,Promising
14381,53,2,625.94,4,2,3,9,1,Promising
14382,27,2,1193.63,4,2,4,10,1,Promising
14383,39,3,1247.69,4,3,4,11,1,Promising
14384,501,1,58.5,1,1,1,3,0,Lost
14385,10,3,202.11,5,3,1,9,1,Promising
14386,297,1,142.4,2,1,1,4,0,Lost
14387,33,3,1727.6,4,3,4,11,1,Promising
14388,11,16,6337.65,5,5,5,15,3,Champions
14389,66,5,1898.01,3,4,4,11,2,At risk
14390,11,13,6111.83,5,5,5,15,3,Champions
14391,577,1,135.6,1,1,1,3,0,Lost
14392,433,1,266.4,1,1,1,3,0,Lost
14393,219,1,67.95,2,1,1,4,0,Lost
14394,565,1,93.8,1,1,1,3,0,Lost
14395,3,20,7776.08,5,5,5,15,3,Champions
14396,66,7,1969.38,3,4,4,11,2,At risk
14397,3,19,2612.96,5,5,4,14,3,Champions
14398,402,2,707.79,2,2,3,7,0,Lost
14399,395,8,2108.21,2,4,4,10,2,At risk
14400,150,3,1717.47,3,3,4,10,2,At risk
14401,5,22,6730.8,5,5,5,15,3,Champions
14402,653,1,285.6,1,1,2,4,0,Lost
14403,131,6,1831.01,3,4,4,11,2,At risk
14404,34,13,2625.13,4,5,4,13,3,Champions
14405,387,1,195.0,2,1,1,4,0,Lost
14406,120,1,156.75,3,1,1,5,0,Lost
14407,108,5,2113.03,3,4,4,11,2,At risk
14408,11,11,4102.27,5,5,5,15,3,Champions
14409,72,8,3276.09,3,4,5,12,2,At risk
14410,93,11,2390.71,3,5,4,12,2,At risk
14411,311,1,1063.0,2,1,3,6,0,Lost
14412,43,3,1426.19,4,3,4,11,1,Promising
14413,363,3,421.72,2,3,2,7,0,Lost
14414,92,8,2399.33,3,4,4,11,2,At risk
14415,2,23,11914.69,5,5,5,15,3,Champions
14416,23,2,490.22,4,2,2,8,1,Promising
14417,388,1,524.65,2,1,2,5,0,Lost
14418,4,3,1937.25,5,3,4,12,1,Promising
14419,11,7,1254.64,5,4,4,13,1,Promising
14420,100,4,1639.17,3,3,4,10,2,At risk
14421,58,6,2456.62,4,4,4,12,2,At risk
14422,1,19,10271.52,5,5,5,15,3,Champions
14423,219,3,916.61,2,3,3,8,2,At risk
14424,18,1,322.08,5,1,2,8,1,Promising
14425,435,3,661.39,1,3,3,7,2,At risk
14426,24,17,11275.05,4,5,5,14,3,Champions
14427,51,4,1263.52,4,3,4,11,1,Promising
14428,8,5,1224.06,5,4,4,13,1,Promising
14429,404,1,516.28,2,1,2,5,0,Lost
14430,512,3,1181.1,1,3,3,7,2,At risk
14431,303,4,2614.2,2,3,4,9,2,At risk
14432,10,6,2248.5,5,4,4,13,3,Champions
14433,466,1,280.7,1,1,1,3,0,Lost
14434,22,6,1372.8,4,4,4,12,1,Promising
14435,502,1,90.42,1,1,1,3,0,Lost
14436,99,2,271.7,3,2,1,6,0,Lost
14437,366,5,850.84,2,4,3,9,2,At risk
14438,307,1,131.9,2,1,1,4,0,Lost
14439,320,5,9443.04,2,4,5,11,2,At risk
14440,9,12,5892.33,5,5,5,15,3,Champions
14441,1,11,4578.09,5,5,5,15,3,Champions
14442,205,7,5333.12,2,4,5,11,2,At risk
14443,54,5,2069.07,4,4,4,12,2,At risk
14444,457,1,120.44,1,1,1,3,0,Lost
14445,456,1,221.65,1,1,1,3,0,Lost
14446,1,5,1195.48,5,4,4,13,1,Promising
14447,19,6,1711.73,5,4,4,13,1,Promising
14448,10,2,375.35,5,2,2,9,1,Promising
14449,19,8,2230.96,5,4,4,13,3,Champions
14450,181,7,1128.44,3,4,3,10,2,At risk
14451,61,12,3236.05,3,5,5,13,3,Champions
14452,11,4,658.95,5,3,3,11,1,Promising
14453,191,1,119.93,2,1,1,4,0,Lost
14454,377,5,977.3,2,4,3,9,2,At risk
14455,433,4,587.12,1,3,2,6,2,At risk
14456,6,9,3003.32,5,5,5,15,3,Champions
14457,311,1,113.64,2,1,1,4,0,Lost
14458,381,1,219.27,2,1,1,4,0,Lost
14459,156,2,5375.74,3,2,5,10,2,At risk
14460,111,8,919.6,3,4,3,10,2,At risk
14461,149,13,6660.62,3,5,5,13,3,Champions
14462,67,12,2237.81,3,5,4,12,3,Champions
14463,99,4,786.5699999999999,3,3,3,9,2,At risk
14464,569,2,111.0,1,2,1,4,0,Lost
14465,247,11,3925.85,2,5,5,12,2,At risk
14466,30,13,4267.15,4,5,5,14,3,Champions
14467,18,12,2203.24,5,5,4,14,3,Champions
14468,734,1,204.24,1,1,1,3,0,Lost
14469,417,4,2093.46,1,3,4,8,2,At risk
14470,12,3,712.04,5,3,3,11,1,Promising
14471,592,2,400.95,1,2,2,5,0,Lost
14472,104,9,2118.72,3,5,4,12,2,At risk
14473,75,2,234.34,3,2,1,6,0,Lost
14474,47,2,1258.89,4,2,4,10,1,Promising
14475,72,4,1151.15,3,3,3,9,2,At risk
14476,258,1,193.0,2,1,1,4,0,Lost
14477,20,7,1969.6,4,4,4,12,3,Champions
14478,383,4,1276.66,2,3,4,9,2,At risk
14479,254,4,1124.71,2,3,3,8,2,At risk
14480,12,4,1299.52,5,3,4,12,1,Promising
14481,165,5,2284.69,3,4,4,11,2,At risk
14482,19,12,4179.22,5,5,5,15,3,Champions
14483,282,2,257.1,2,2,1,5,0,Lost
14484,51,4,1070.98,4,3,3,10,1,Promising
14485,39,1,162.8,4,1,1,6,1,Promising
14486,512,2,175.5,1,2,1,4,0,Lost
14487,27,7,1253.52,4,4,4,12,1,Promising
14488,68,1,1064.28,3,1,3,7,1,Promising
14489,208,4,1574.93,2,3,4,9,2,At risk
14490,407,2,1273.47,2,2,4,8,2,At risk
14491,176,2,340.93,3,2,2,7,0,Lost
14492,431,6,1582.86,1,4,4,9,2,At risk
14493,8,10,5037.41,5,5,5,15,3,Champions
14494,26,3,401.46,4,3,2,9,1,Promising
14495,51,3,174.8,4,3,1,8,1,Promising
14496,312,7,2353.99,2,4,4,10,2,At risk
14497,310,2,697.0600000000001,2,2,3,7,0,Lost
14498,43,10,3900.83,4,5,5,14,3,Champions
14499,27,7,2090.09,4,4,4,12,3,Champions
14500,89,3,356.85,3,3,2,8,1,Promising
14501,184,2,221.21,3,2,1,6,0,Lost
14502,20,10,2313.44,4,5,4,13,3,Champions
14503,4,6,3543.26,5,4,5,14,3,Champions
14504,48,4,673.26,4,3,3,10,1,Promising
14505,18,19,11806.53,5,5,5,15,3,Champions
14506,18,7,2960.25,5,4,5,14,3,Champions
14507,24,11,3201.74,4,5,5,14,3,Champions
14508,23,5,822.92,4,4,3,11,1,Promising
14509,535,1,110.95,1,1,1,3,0,Lost
14510,376,3,979.85,2,3,3,8,2,At risk
14511,12,5,1267.41,5,4,4,13,1,Promising
14512,188,7,1215.97,2,4,4,10,2,At risk
14513,101,6,770.9100000000001,3,4,3,10,2,At risk
14514,62,9,4380.04,3,5,5,13,3,Champions
14515,18,12,3707.06,5,5,5,15,3,Champions
14516,517,1,151.17,1,1,1,3,0,Lost
14517,34,2,330.45,4,2,2,8,1,Promising
14518,65,1,174.37,3,1,1,5,0,Lost
14519,684,2,203.14,1,2,1,4,0,Lost
14520,2,2,270.6,5,2,1,8,1,Promising
14521,492,1,199.45,1,1,1,3,0,Lost
14522,25,8,1748.42,4,4,4,12,3,Champions
14523,109,1,241.09,3,1,1,5,0,Lost
14524,32,13,2909.86,4,5,5,14,3,Champions
14525,20,17,7997.41,4,5,5,14,3,Champions
14526,390,1,258.65,2,1,1,4,0,Lost
14527,3,121,26980.25,5,5,5,15,3,Champions
14528,38,1,364.22,4,1,2,7,1,Promising
14529,61,3,578.61,3,3,2,8,1,Promising
14530,26,16,6024.37,4,5,5,14,3,Champions
14531,480,1,376.34,1,1,2,4,0,Lost
14532,237,11,3833.03,2,5,5,12,2,At risk
14533,25,11,3197.87,4,5,5,14,3,Champions
14534,3,26,5780.36,5,5,5,15,3,Champions
14535,61,9,5880.89,3,5,5,13,3,Champions
14536,260,1,170.95,2,1,1,4,0,Lost
14537,58,2,641.4,4,2,3,9,1,Promising
14538,65,5,1370.84,3,4,4,11,2,At risk
14539,16,2,537.48,5,2,2,9,1,Promising
14540,10,11,3709.64,5,5,5,15,3,Champions
14541,59,14,2491.38,4,5,4,13,3,Champions
14542,186,1,103.25,3,1,1,5,0,Lost
14543,29,38,12795.07,4,5,5,14,3,Champions
14544,25,3,2938.53,4,3,5,12,1,Promising
14545,675,1,349.25,1,1,2,4,0,Lost
14546,6,11,5147.39,5,5,5,15,3,Champions
14547,4,8,3974.75,5,4,5,14,3,Champions
14548,151,9,2541.29,3,5,4,12,2,At risk
14549,312,4,913.6,2,3,3,8,2,At risk
14550,11,4,1345.06,5,3,4,12,1,Promising
14551,19,7,878.09,5,4,3,12,1,Promising
14552,152,3,507.93,3,3,2,8,2,At risk
14553,20,9,1818.6,4,5,4,13,3,Champions
14554,11,4,2279.49,5,3,4,12,1,Promising
14555,58,6,2304.03,4,4,4,12,2,At risk
14556,597,3,815.69,1,3,3,7,2,At risk
14558,655,3,655.5,1,3,3,7,0,Lost
14559,391,1,75.6,2,1,1,4,0,Lost
14560,8,43,6060.389999999999,5,5,5,15,3,Champions
14561,76,3,1080.76,3,3,3,9,2,At risk
14562,4,26,6422.400000000001,5,5,5,15,3,Champions
14563,510,2,625.42,1,2,3,6,0,Lost
14564,435,2,2537.62,1,2,4,7,2,At risk
14565,96,5,3694.37,3,4,5,12,2,At risk
14566,111,4,4092.0,3,3,5,11,2,At risk
14567,57,2,1530.36,4,2,4,10,1,Promising
14568,436,1,909.5,1,1,3,5,0,Lost
14569,2,4,597.33,5,3,3,11,1,Promising
14570,281,3,512.4,2,3,2,7,0,Lost
14571,426,1,160.0,1,1,1,3,0,Lost
14572,4,11,5493.28,5,5,5,15,3,Champions
14573,180,12,2121.32,3,5,4,12,2,At risk
14574,733,1,143.70000000000002,1,1,1,3,0,Lost
14575,489,1,420.22,1,1,2,4,0,Lost
14576,373,1,35.400000000000006,2,1,1,4,0,Lost
14577,13,7,1364.15,5,4,4,13,1,Promising
14578,4,1,168.63,5,1,1,7,1,Promising
14579,433,1,105.56,1,1,1,3,0,Lost
14580,519,1,14.85,1,1,1,3,0,Lost
14581,17,2,409.65,5,2,2,9,1,Promising
14582,41,1,114.11,4,1,1,6,0,Lost
14583,6,8,1660.29,5,4,4,13,3,Champions
14584,170,8,1674.36,3,4,4,11,2,At risk
14585,51,5,1143.27,4,4,3,11,2,At risk
14586,277,1,134.16,2,1,1,4,0,Lost
14587,19,9,1580.29,5,5,4,14,3,Champions
14588,579,1,135.39,1,1,1,3,0,Lost
14589,372,1,39.75,2,1,1,4,0,Lost
14590,425,20,2977.92,1,5,5,11,2,At risk
14591,16,4,1320.21,5,3,4,12,1,Promising
14592,36,3,557.94,4,3,2,9,1,Promising
14593,22,12,3658.03,4,5,5,14,3,Champions
14594,8,2,363.33,5,2,2,9,1,Promising
14595,20,8,2164.45,4,4,4,12,3,Champions
14596,627,1,222.22,1,1,1,3,0,Lost
14597,12,6,2184.63,5,4,4,13,3,Champions
14598,45,1,221.97,4,1,1,6,1,Promising
14599,391,2,457.89,2,2,2,6,0,Lost
14600,306,2,865.17,2,2,3,7,2,At risk
14601,11,1,213.96,5,1,1,7,1,Promising
14602,657,1,205.36,1,1,1,3,0,Lost
14603,275,1,660.0,2,1,3,6,0,Lost
14604,634,1,136.36,1,1,1,3,0,Lost
14605,375,4,920.71,2,3,3,8,2,At risk
14606,2,183,29251.73,5,5,5,15,3,Champions
14607,16,17,18345.83,5,5,5,15,3,Champions
14608,5,10,3342.94,5,5,5,15,3,Champions
14609,73,9,1222.2,3,5,4,12,2,At risk
14610,396,2,24.35,2,2,1,5,0,Lost
14611,444,2,604.33,1,2,3,6,0,Lost
14612,416,1,877.7,1,1,3,5,0,Lost
14613,681,1,76.32000000000001,1,1,1,3,0,Lost
14614,387,1,295.13,2,1,2,5,0,Lost
14615,395,5,936.76,2,4,3,9,2,At risk
14616,243,5,527.78,2,4,2,8,2,At risk
14617,403,2,190.47,2,2,1,5,0,Lost
14618,10,7,1327.47,5,4,4,13,1,Promising
14619,246,2,1291.24,2,2,4,8,2,At risk
14620,206,2,412.78,2,2,2,6,0,Lost
14621,2,9,3000.57,5,5,5,15,3,Champions
14622,185,1,320.58000000000004,3,1,2,6,0,Lost
14623,33,10,1988.65,4,5,4,13,3,Champions
14624,58,6,814.07,4,4,3,11,2,At risk
14625,197,11,4463.9800000000005,2,5,5,12,2,At risk
14626,24,11,5395.92,4,5,5,14,3,Champions
14627,380,1,462.75,2,1,2,5,0,Lost
14628,92,5,1998.0,3,4,4,11,2,At risk
14629,5,2,955.26,5,2,3,10,1,Promising
14630,485,1,338.65,1,1,2,4,0,Lost
14631,51,6,2025.69,4,4,4,12,2,At risk
14632,263,1,114.56,2,1,1,4,0,Lost
14633,267,1,344.90000000000003,2,1,2,5,0,Lost
14634,438,4,2111.26,1,3,4,8,2,At risk
14635,454,1,215.22,1,1,1,3,0,Lost
14636,37,2,609.85,4,2,3,9,1,Promising
14637,678,1,106.68,1,1,1,3,0,Lost
14638,51,1,443.6,4,1,2,7,1,Promising
14639,53,9,4951.06,4,5,5,14,3,Champions
14640,25,10,3478.58,4,5,5,14,3,Champions
14641,22,1,110.46,4,1,1,6,1,Promising
14642,59,1,96.12,4,1,1,6,0,Lost
14643,171,5,1679.89,3,4,4,11,2,At risk
14644,68,6,2213.82,3,4,4,11,2,At risk
14645,157,3,859.09,3,3,3,9,2,At risk
14646,2,143,523361.34,5,5,5,15,3,Champions
14647,202,2,506.04,2,2,2,6,0,Lost
14648,417,15,4423.14,1,5,5,11,2,At risk
14649,5,9,3634.29,5,5,5,15,3,Champions
14650,590,1,62.5,1,1,1,3,0,Lost
14651,68,9,2025.52,3,5,4,12,2,At risk
14652,78,1,114.18,3,1,1,5,0,Lost
14653,2,11,3404.8,5,5,5,15,3,Champions
14654,739,1,246.86,1,1,1,3,0,Lost
14655,9,7,3878.51,5,4,5,14,3,Champions
14656,170,5,790.0,3,4,3,10,2,At risk
14657,18,6,1440.24,5,4,4,13,1,Promising
14658,6,2,247.15,5,2,1,8,1,Promising
14659,9,9,2510.03,5,5,4,14,3,Champions
14660,87,2,285.74,3,2,2,7,0,Lost
14661,27,1,107.95,4,1,1,6,1,Promising
14662,29,7,1376.43,4,4,4,12,1,Promising
14663,431,2,490.6,1,2,2,5,0,Lost
14664,20,2,636.24,4,2,3,9,1,Promising
14665,90,6,2173.18,3,4,4,11,2,At risk
14666,25,1,179.95,4,1,1,6,1,Promising
14667,11,54,20331.89,5,5,5,15,3,Champions
14668,446,1,111.63,1,1,1,3,0,Lost
14669,242,7,3216.78,2,4,5,11,2,At risk
14670,281,3,583.33,2,3,2,7,2,At risk
14671,550,2,1127.45,1,2,3,6,2,At risk
14672,235,4,1113.14,2,3,3,8,2,At risk
14673,4,7,3037.32,5,4,5,14,3,Champions
14674,510,1,173.66,1,1,1,3,0,Lost
14675,17,2,1015.58,5,2,3,10,1,Promising
14676,32,12,8356.79,4,5,5,14,3,Champions
14677,593,1,184.91,1,1,1,3,0,Lost
14678,580,1,386.44,1,1,2,4,0,Lost
14679,382,3,1289.44,2,3,4,9,2,At risk
14680,26,57,54718.22,4,5,5,14,3,Champions
14681,72,6,875.1500000000001,3,4,3,10,2,At risk
14682,188,6,1514.81,2,4,4,10,2,At risk
14683,589,1,146.56,1,1,1,3,0,Lost
14684,26,6,1430.03,4,4,4,12,1,Promising
14685,577,8,4390.79,1,4,5,10,2,At risk
14686,415,5,852.53,1,4,3,8,2,At risk
14687,107,3,1402.06,3,3,4,10,2,At risk
14688,8,28,7126.67,5,5,5,15,3,Champions
14689,209,1,112.8,2,1,1,4,0,Lost
14690,45,4,768.83,4,3,3,10,1,Promising
14691,31,5,2114.33,4,4,4,12,1,Promising
14692,138,12,1715.14,3,5,4,12,2,At risk
14693,265,7,1139.86,2,4,3,9,2,At risk
14694,618,1,244.31,1,1,1,3,0,Lost
14695,520,3,1534.22,1,3,4,8,2,At risk
14696,5,8,2473.28,5,4,4,13,3,Champions
14697,219,2,188.61,2,2,1,5,0,Lost
14698,2,5,1217.27,5,4,4,13,1,Promising
14699,215,4,702.6,2,3,3,8,2,At risk
14700,33,5,3076.06,4,4,5,13,2,At risk
14701,11,15,4462.21,5,5,5,15,3,Champions
14702,2,29,6339.9800000000005,5,5,5,15,3,Champions
14703,15,1,318.17,5,1,2,8,1,Promising
14704,20,9,1720.58,4,5,4,13,3,Champions
14705,199,1,179.0,2,1,1,4,0,Lost
14706,619,1,367.54,1,1,2,4,0,Lost
14707,436,2,139.2,1,2,1,4,0,Lost
14708,3,5,1763.52,5,4,4,13,1,Promising
14709,16,25,8886.33,5,5,5,15,3,Champions
14710,15,13,1899.79,5,5,4,14,3,Champions
14711,11,11,2809.02,5,5,4,14,3,Champions
14712,30,4,1328.0700000000002,4,3,4,11,1,Promising
14713,10,21,5088.36,5,5,5,15,3,Champions
14714,25,4,906.24,4,3,3,10,1,Promising
14715,25,8,1809.55,4,4,4,12,3,Champions
14716,44,3,543.28,4,3,2,9,1,Promising
14717,734,1,81.3,1,1,1,3,0,Lost
14718,411,1,226.42,1,1,1,3,0,Lost
14719,2,5,1581.84,5,4,4,13,1,Promising
14720,6,3,663.81,5,3,3,11,1,Promising
14721,380,1,109.07,2,1,1,4,0,Lost
14722,148,3,489.52,3,3,2,8,2,At risk
14723,11,11,1801.36,5,5,4,14,3,Champions
14724,591,1,341.9,1,1,2,4,0,Lost
14725,25,4,1196.46,4,3,4,11,1,Promising
14726,655,1,116.5,1,1,1,3,0,Lost
14727,275,3,291.13,2,3,2,7,0,Lost
14728,414,1,190.58,1,1,1,3,0,Lost
14729,374,3,586.24,2,3,2,7,0,Lost
14730,2,8,1897.57,5,4,4,13,3,Champions
14731,48,3,380.02,4,3,2,9,1,Promising
14732,9,19,5487.67,5,5,5,15,3,Champions
14733,17,15,14335.15,5,5,5,15,3,Champions
14734,426,4,1045.47,1,3,3,7,2,At risk
14735,4,54,11962.66,5,5,5,15,3,Champions
14736,486,2,374.05,1,2,2,5,0,Lost
14737,4,4,3554.17,5,3,5,13,1,Promising
14738,43,9,1797.39,4,5,4,13,2,At risk
14739,5,25,11573.62,5,5,5,15,3,Champions
14740,198,11,4093.86,2,5,5,12,2,At risk
14741,12,7,1713.09,5,4,4,13,3,Champions
14742,436,1,579.85,1,1,2,4,0,Lost
14743,593,1,50.48,1,1,1,3,0,Lost
14744,17,14,3648.63,5,5,5,15,3,Champions
14745,113,12,2551.41,3,5,4,12,2,At risk
14746,407,4,593.5,2,3,2,7,2,At risk
14747,250,1,294.3,2,1,2,5,0,Lost
14748,30,9,2282.64,4,5,4,13,3,Champions
14749,480,1,310.15,1,1,2,4,0,Lost
14750,737,1,112.03,1,1,1,3,0,Lost
14751,685,2,126.45,1,2,1,4,0,Lost
14752,44,1,389.64,4,1,2,7,1,Promising
14753,88,2,869.51,3,2,3,8,1,Promising
14754,45,6,1547.93,4,4,4,12,2,At risk
14755,10,25,9911.15,5,5,5,15,3,Champions
14756,16,3,2583.86,5,3,4,12,1,Promising
14757,76,1,420.5,3,1,2,6,0,Lost
14758,145,7,2864.9700000000003,3,4,5,12,2,At risk
14759,5,3,1625.97,5,3,4,12,1,Promising
14760,298,1,53.8,2,1,1,4,0,Lost
14761,59,3,447.92,4,3,2,9,1,Promising
14762,264,2,417.57,2,2,2,6,0,Lost
14764,47,1,278.3,4,1,1,6,1,Promising
14765,30,3,254.11,4,3,1,8,1,Promising
14766,9,11,6355.33,5,5,5,15,3,Champions
14767,475,1,382.81,1,1,2,4,0,Lost
14768,18,2,139.5,5,2,1,8,1,Promising
14769,3,17,15491.76,5,5,5,15,3,Champions
14770,233,8,3624.89,2,4,5,11,2,At risk
14771,622,2,584.42,1,2,2,5,0,Lost
14772,113,1,139.26,3,1,1,5,0,Lost
14773,593,1,125.7,1,1,1,3,0,Lost
14774,529,1,241.45,1,1,1,3,0,Lost
14775,59,3,1011.9,4,3,3,10,1,Promising
14776,52,14,3352.56,4,5,5,14,3,Champions
14777,404,1,273.66,2,1,1,4,0,Lost
14778,128,2,730.86,3,2,3,8,2,At risk
14779,281,3,386.15,2,3,2,7,0,Lost
14780,55,2,447.68,4,2,2,8,1,Promising
14782,320,1,200.1,2,1,1,4,0,Lost
14783,660,1,307.3,1,1,2,4,0,Lost
14784,27,3,449.93,4,3,2,9,1,Promising
14785,11,2,77.4,5,2,1,8,1,Promising
14786,551,1,90.96,1,1,1,3,0,Lost
14787,472,1,110.65,1,1,1,3,0,Lost
14788,8,3,1156.32,5,3,3,11,1,Promising
14789,29,1,197.64,4,1,1,6,1,Promising
14790,17,10,2526.62,5,5,4,14,3,Champions
14791,607,1,303.63,1,1,2,4,0,Lost
14792,64,1,6.2,3,1,1,5,0,Lost
14793,22,2,625.9,4,2,3,9,1,Promising
14794,3,10,1936.95,5,5,4,14,3,Champions
14795,167,1,131.45000000000002,3,1,1,5,0,Lost
14796,2,27,10104.53,5,5,5,15,3,Champions
14797,508,1,300.31,1,1,2,4,0,Lost
14798,53,8,724.31,4,4,3,11,2,At risk
14799,52,2,338.15000000000003,4,2,2,8,1,Promising
14800,48,17,6986.23,4,5,5,14,3,Champions
14801,62,1,189.34,3,1,1,5,0,Lost
14803,163,3,845.5500000000001,3,3,3,9,2,At risk
14804,9,1,353.27,5,1,2,8,1,Promising
14805,16,7,1082.55,5,4,3,12,1,Promising
14806,76,2,303.43,3,2,2,7,1,Promising
14807,391,2,504.14,2,2,2,6,0,Lost
14808,40,8,2557.5,4,4,4,12,3,Champions
14809,622,2,686.76,1,2,3,6,0,Lost
14810,41,13,2354.03,4,5,4,13,3,Champions
14811,388,1,170.5,2,1,1,4,0,Lost
14812,599,1,178.85,1,1,1,3,0,Lost
14813,370,4,888.91,2,3,3,8,2,At risk
14814,582,1,152.96,1,1,1,3,0,Lost
14815,37,2,778.5,4,2,3,9,1,Promising
14816,198,1,271.85,2,1,1,4,0,Lost
14817,201,7,3584.36,2,4,5,11,2,At risk
14818,74,6,1153.56,3,4,3,10,2,At risk
14819,65,4,456.41,3,3,2,8,1,Promising
14820,22,9,1274.76,4,5,4,13,3,Champions
14821,367,7,1230.15,2,4,4,10,2,At risk
14822,486,1,157.7,1,1,1,3,0,Lost
14823,181,3,321.43,3,3,2,8,0,Lost
14824,11,10,4008.96,5,5,5,15,3,Champions
14825,4,24,4721.58,5,5,5,15,3,Champions
14826,582,2,385.2,1,2,2,5,0,Lost
14828,197,13,9803.46,2,5,5,12,3,Champions
14829,30,7,1440.87,4,4,4,12,1,Promising
14830,54,1,188.03,4,1,1,6,0,Lost
14831,681,3,1676.57,1,3,4,8,2,At risk
14833,499,1,94.8,1,1,1,3,0,Lost
14834,18,7,2206.16,5,4,4,13,3,Champions
14835,529,2,297.0,1,2,2,5,0,Lost
14836,11,3,102.45,5,3,1,9,1,Promising
14837,90,9,3460.32,3,5,5,13,2,At risk
14838,424,2,769.9200000000001,1,2,3,6,0,Lost
14839,419,3,915.28,1,3,3,7,2,At risk
14840,268,2,347.71000000000004,2,2,2,6,0,Lost
14841,54,14,7163.0,4,5,5,14,3,Champions
14842,44,4,2516.94,4,3,4,11,2,At risk
14843,437,1,211.8,1,1,1,3,0,Lost
14844,64,10,6702.43,3,5,5,13,3,Champions
14845,600,1,150.0,1,1,1,3,0,Lost
14846,428,1,437.4,1,1,2,4,0,Lost
14847,149,3,1348.95,3,3,4,10,2,At risk
14848,405,1,310.56,2,1,2,5,0,Lost
14849,22,42,15217.65,4,5,5,14,3,Champions
14850,312,6,1599.76,2,4,4,10,2,At risk
14851,24,3,829.41,4,3,3,10,1,Promising
14852,59,18,6132.43,4,5,5,14,3,Champions
14853,25,5,1376.87,4,4,4,12,1,Promising
14854,79,11,4303.06,3,5,5,13,3,Champions
14855,120,7,6520.3,3,4,5,12,2,At risk
14856,37,3,1290.53,4,3,4,11,1,Promising
14857,60,7,3588.1,3,4,5,12,2,At risk
14858,506,1,180.75,1,1,1,3,0,Lost
14859,13,5,1705.64,5,4,4,13,1,Promising
14860,20,1,170.32,4,1,1,6,1,Promising
14861,53,10,1336.33,4,5,4,13,2,At risk
14862,26,2,841.2,4,2,3,9,1,Promising
14863,30,1,266.76,4,1,1,6,1,Promising
14865,8,4,92.52,5,3,1,9,1,Promising
14866,11,17,20521.48,5,5,5,15,3,Champions
14867,186,16,2952.06,3,5,5,13,2,At risk
14868,4,12,4184.01,5,5,5,15,3,Champions
14869,9,6,2778.14,5,4,4,13,3,Champions
14870,262,6,1819.05,2,4,4,10,2,At risk
14871,4,9,1228.17,5,5,4,14,3,Champions
14872,484,3,802.68,1,3,3,7,2,At risk
14873,211,2,854.13,2,2,3,7,2,At risk
14874,536,1,116.18,1,1,1,3,0,Lost
14875,108,3,2862.4,3,3,4,10,2,At risk
14876,522,2,256.7,1,2,1,4,0,Lost
14877,419,2,425.85,1,2,2,5,0,Lost
14878,13,25,3934.3,5,5,5,15,3,Champions
14879,685,1,185.06,1,1,1,3,0,Lost
14880,78,3,690.59,3,3,3,9,1,Promising
14881,20,1,255.4,4,1,1,6,1,Promising
14882,27,14,3345.05,4,5,5,14,3,Champions
14883,19,6,761.59,5,4,3,12,1,Promising
14884,670,1,120.6,1,1,1,3,0,Lost
14885,132,3,1496.12,3,3,4,10,2,At risk
14886,253,1,364.8,2,1,2,5,0,Lost
14887,80,1,1862.0,3,1,4,8,1,Promising
14888,208,1,369.2,2,1,2,5,0,Lost
14889,337,1,135.9,2,1,1,4,0,Lost
14890,254,3,817.25,2,3,3,8,2,At risk
14891,149,4,1106.73,3,3,3,9,2,At risk
14892,691,1,202.35,1,1,1,3,0,Lost
14893,10,3,1790.11,5,3,4,12,1,Promising
14894,86,3,1492.81,3,3,4,10,2,At risk
14895,8,37,24608.99,5,5,5,15,3,Champions
14896,205,8,1812.5,2,4,4,10,2,At risk
14897,8,8,3140.54,5,4,5,14,3,Champions
14898,24,14,3365.95,4,5,5,14,3,Champions
14899,396,1,1331.38,2,1,4,7,0,Lost
14900,523,1,13.919999999999998,1,1,1,3,0,Lost
14901,12,12,1916.45,5,5,4,14,3,Champions
14902,26,3,1035.62,4,3,3,10,1,Promising
14903,22,5,2778.43,4,4,4,12,1,Promising
14904,3,4,1630.49,5,3,4,12,1,Promising
14905,158,8,1959.69,3,4,4,11,2,At risk
14907,4,16,5534.22,5,5,5,15,3,Champions
14908,75,2,381.9,3,2,2,7,1,Promising
14909,438,3,1404.68,1,3,4,8,2,At risk
14910,3,4,401.97,5,3,2,10,1,Promising
14911,2,369,259866.38,5,5,5,15,3,Champions
14912,17,5,1849.58,5,4,4,13,1,Promising
14913,36,8,4073.13,4,4,5,13,3,Champions
14915,92,11,1811.25,3,5,4,12,2,At risk
14916,71,8,3003.65,3,4,5,12,2,At risk
14917,597,2,1123.75,1,2,3,6,2,At risk
14918,116,9,5955.81,3,5,5,13,2,At risk
14919,540,1,359.35,1,1,2,4,0,Lost
14920,213,3,1607.17,2,3,4,9,2,At risk
14921,31,2,1316.07,4,2,4,10,1,Promising
14922,394,2,843.74,2,2,3,7,0,Lost
14923,51,1,749.1,4,1,3,8,1,Promising
14924,246,3,931.01,2,3,3,8,2,At risk
14926,382,2,359.4,2,2,2,6,0,Lost
14927,397,1,308.2,2,1,2,5,0,Lost
14928,628,1,209.06,1,1,1,3,0,Lost
14929,33,2,836.69,4,2,3,9,1,Promising
14930,109,6,5236.7300000000005,3,4,5,12,2,At risk
14931,5,4,864.6800000000001,5,3,3,11,1,Promising
14932,366,2,566.13,2,2,2,6,0,Lost
14933,444,3,885.0,1,3,3,7,2,At risk
14934,82,4,2492.9700000000003,3,3,4,10,2,At risk
14935,298,2,2849.83,2,2,4,8,2,At risk
14936,34,12,12398.06,4,5,5,14,3,Champions
14937,57,3,1621.88,4,3,4,11,2,At risk
14938,563,2,2322.43,1,2,4,7,2,At risk
14940,418,2,531.49,1,2,2,5,0,Lost
14941,579,1,182.1,1,1,1,3,0,Lost
14942,402,4,746.56,2,3,3,8,2,At risk
14943,664,1,107.62,1,1,1,3,0,Lost
14944,30,19,9638.77,4,5,5,14,3,Champions
14945,414,1,179.4,1,1,1,3,0,Lost
14946,15,1,100.9,5,1,1,7,1,Promising
14947,73,6,1049.79,3,4,3,10,2,At risk
14948,24,6,1066.57,4,4,3,11,1,Promising
14949,470,4,515.0,1,3,2,6,2,At risk
14950,20,1,371.2,4,1,2,7,1,Promising
14951,80,1,311.69,3,1,2,6,0,Lost
14952,60,32,17569.55,3,5,5,13,3,Champions
14953,26,4,968.82,4,3,3,10,1,Promising
14954,13,2,462.12,5,2,2,9,1,Promising
14955,733,1,163.77,1,1,1,3,0,Lost
14956,422,1,1325.0,1,1,4,6,0,Lost
14957,254,2,261.69,2,2,1,5,0,Lost
14958,148,6,941.99,3,4,3,10,2,At risk
14959,65,4,695.42,3,3,3,9,1,Promising
14960,9,2,221.27,5,2,1,8,1,Promising
14961,11,22,16372.35,5,5,5,15,3,Champions
14962,271,4,366.91,2,3,2,7,0,Lost
14963,10,12,3123.57,5,5,5,15,3,Champions
14964,248,1,206.21,2,1,1,4,0,Lost
14965,97,2,596.09,3,2,3,8,1,Promising
14966,15,6,1064.26,5,4,3,12,1,Promising
14967,50,6,1982.61,4,4,4,12,2,At risk
14968,31,2,497.49,4,2,2,8,1,Promising
14969,704,1,906.23,1,1,3,5,0,Lost
14970,69,12,4579.35,3,5,5,13,3,Champions
14971,36,3,1097.98,4,3,3,10,1,Promising
14972,129,2,145.07,3,2,1,6,0,Lost
14973,108,3,1314.45,3,3,4,10,2,At risk
14974,38,1,89.94,4,1,1,6,0,Lost
14975,58,2,472.39,4,2,2,8,1,Promising
14976,58,6,774.86,4,4,3,11,2,At risk
14977,726,1,31.93,1,1,1,3,0,Lost
14978,73,10,3092.29,3,5,5,13,2,At risk
14979,736,1,429.66,1,1,2,4,0,Lost
14980,738,1,150.68,1,1,1,3,0,Lost
14981,247,2,313.52,2,2,2,6,0,Lost
14982,573,1,234.88,1,1,1,3,0,Lost
14983,690,1,183.2,1,1,1,3,0,Lost
14984,20,6,1260.51,4,4,4,12,1,Promising
14985,199,2,292.01,2,2,2,6,0,Lost
14986,377,2,563.1,2,2,2,6,0,Lost
14987,16,8,1550.65,5,4,4,13,3,Champions
14988,212,7,2038.65,2,4,4,10,2,At risk
14989,662,1,342.4,1,1,2,4,0,Lost
14990,613,2,304.17,1,2,2,5,0,Lost
14991,431,1,314.67,1,1,2,4,0,Lost
14992,443,1,210.5,1,1,1,3,0,Lost
14993,564,1,36.13,1,1,1,3,0,Lost
14994,383,5,904.54,2,4,3,9,2,At risk
14995,39,2,231.98,4,2,1,7,1,Promising
14996,482,2,442.29,1,2,2,5,0,Lost
14997,47,4,776.6,4,3,3,10,1,Promising
14998,171,4,753.18,3,3,3,9,2,At risk
14999,593,1,129.48000000000002,1,1,1,3,0,Lost
15000,48,1,490.52,4,1,2,7,1,Promising
15001,395,2,197.11,2,2,1,5,0,Lost
15002,116,9,4138.08,3,5,5,13,2,At risk
15003,474,6,1027.03,1,4,3,8,2,At risk
15004,148,1,1220.38,3,1,4,8,2,At risk
15005,16,56,13575.28,5,5,5,15,3,Champions
15006,52,2,752.83,4,2,3,9,1,Promising
15007,160,1,156.91,3,1,1,5,0,Lost
15008,481,2,360.0,1,2,2,5,0,Lost
15009,13,3,1259.43,5,3,4,12,1,Promising
15010,36,1,308.94,4,1,2,7,1,Promising
15011,396,2,416.6,2,2,2,6,0,Lost
15012,54,3,646.26,4,3,3,10,1,Promising
15013,488,10,1610.82,1,5,4,10,2,At risk
15014,44,2,257.67,4,2,1,7,1,Promising
15015,502,12,2332.24,1,5,4,10,2,At risk
15016,173,5,614.99,3,4,3,10,2,At risk
15017,34,1,125.58,4,1,1,6,1,Promising
15018,39,3,456.26,4,3,2,9,1,Promising
15019,267,1,252.81,2,1,1,4,0,Lost
15020,380,1,198.47,2,1,1,4,0,Lost
15021,9,12,2471.55,5,5,4,14,3,Champions
15022,12,5,1133.44,5,4,3,12,1,Promising
15023,4,20,11518.26,5,5,5,15,3,Champions
15024,10,16,3559.39,5,5,5,15,3,Champions
15025,34,2,971.84,4,2,3,9,1,Promising
15026,81,5,1044.09,3,4,3,10,2,At risk
15027,31,10,2988.24,4,5,5,14,3,Champions
15028,9,6,962.94,5,4,3,12,1,Promising
15029,620,1,365.1,1,1,2,4,0,Lost
15030,72,8,1967.16,3,4,4,11,2,At risk
15031,5,14,3049.69,5,5,5,15,3,Champions
15032,257,8,10515.05,2,4,5,11,2,At risk
15033,5,10,2526.23,5,5,4,14,3,Champions
15034,16,14,8231.2,5,5,5,15,3,Champions
15035,90,1,252.73,3,1,1,5,0,Lost
15036,73,3,429.56,3,3,2,8,1,Promising
15037,377,2,397.76,2,2,2,6,0,Lost
15038,59,9,1129.13,4,5,3,12,2,At risk
15039,10,93,38883.29,5,5,5,15,3,Champions
15040,542,1,7.49,1,1,1,3,0,Lost
15041,171,2,288.98,3,2,2,7,0,Lost
15042,200,2,315.45,2,2,2,6,0,Lost
15043,32,6,2855.32,4,4,4,12,3,Champions
15044,20,32,15725.16,4,5,5,14,3,Champions
15045,152,2,633.66,3,2,3,8,0,Lost
15046,10,25,7401.33,5,5,5,15,3,Champions
15047,270,1,343.62,2,1,2,5,0,Lost
15048,66,4,381.0,3,3,2,8,1,Promising
15049,274,1,121.17000000000002,2,1,1,4,0,Lost
15050,26,5,4032.27,4,4,5,13,3,Champions
15051,24,9,3911.91,4,5,5,14,3,Champions
15052,320,1,207.73,2,1,1,4,0,Lost
15053,5,3,693.95,5,3,3,11,1,Promising
15054,13,2,302.1,5,2,2,9,1,Promising
15055,475,3,549.12,1,3,2,6,0,Lost
15056,521,1,113.65,1,1,1,3,0,Lost
15057,276,5,3184.56,2,4,5,11,2,At risk
15058,26,16,3387.58,4,5,5,14,3,Champions
15059,41,19,3476.15,4,5,5,14,3,Champions
15060,9,4,293.0,5,3,2,10,1,Promising
15061,4,126,125720.73,5,5,5,15,3,Champions
15062,72,8,2585.62,3,4,4,11,2,At risk
15063,214,1,370.8,2,1,2,5,0,Lost
15064,411,4,1154.41,1,3,3,7,2,At risk
15065,38,5,3316.36,4,4,5,13,2,At risk
15066,54,1,833.24,4,1,3,8,1,Promising
15067,79,5,3850.13,3,4,5,12,2,At risk
15068,47,4,1174.9,4,3,3,10,1,Promising
15069,180,1,1109.53,3,1,3,7,0,Lost
15070,373,3,737.0500000000001,2,3,3,8,2,At risk
15071,94,4,1455.5600000000002,3,3,4,10,2,At risk
15072,480,1,187.52,1,1,1,3,0,Lost
15073,10,7,2357.04,5,4,4,13,3,Champions
15074,106,3,1553.13,3,3,4,10,2,At risk
15075,78,1,773.03,3,1,3,7,1,Promising
15076,173,3,1436.79,3,3,4,10,2,At risk
15077,495,2,2428.08,1,2,4,7,2,At risk
15078,8,52,17178.53,5,5,5,15,3,Champions
15079,213,11,3574.65,2,5,5,12,2,At risk
15080,428,2,546.25,1,2,2,5,0,Lost
15081,23,12,1844.62,4,5,4,13,3,Champions
15082,669,1,93.35,1,1,1,3,0,Lost
15083,257,1,88.2,2,1,1,4,0,Lost
15084,380,2,965.2,2,2,3,7,2,At risk
15085,730,1,347.54,1,1,2,4,0,Lost
15086,565,2,218.53,1,2,1,4,0,Lost
15087,282,1,306.94,2,1,2,5,0,Lost
15088,22,2,1160.07,4,2,3,9,1,Promising
15089,11,6,2420.84,5,4,4,13,3,Champions
15090,309,1,381.32,2,1,2,5,0,Lost
15091,68,3,1046.61,3,3,3,9,2,At risk
15092,216,3,776.46,2,3,3,8,2,At risk
15093,19,22,13359.18,5,5,5,15,3,Champions
15094,464,2,83.0,1,2,1,4,0,Lost
15095,104,10,3141.64,3,5,5,13,2,At risk
15096,43,1,219.39,4,1,1,6,1,Promising
15097,5,3,890.65,5,3,3,11,1,Promising
15098,183,2,946.5,3,2,3,8,2,At risk
15099,85,1,410.48,3,1,2,6,0,Lost
15100,334,7,2114.4,2,4,4,10,2,At risk
15101,9,6,1477.94,5,4,4,13,1,Promising
15102,531,2,554.67,1,2,2,5,0,Lost
15103,32,2,703.36,4,2,3,9,1,Promising
15104,197,2,976.59,2,2,3,7,2,At risk
15105,19,9,3094.91,5,5,5,15,3,Champions
15106,18,5,1415.68,5,4,4,13,1,Promising
15107,312,9,773.35,2,5,3,10,2,At risk
15108,142,3,1159.25,3,3,3,9,2,At risk
15109,246,3,983.1,2,3,3,8,2,At risk
15110,24,6,1505.85,4,4,4,12,1,Promising
15111,30,5,2442.37,4,4,4,12,1,Promising
15112,612,1,209.4,1,1,1,3,0,Lost
15113,10,3,3339.12,5,3,5,13,1,Promising
15114,31,12,3400.12,4,5,5,14,3,Champions
15115,19,2,531.85,5,2,2,9,1,Promising
15116,18,4,1352.75,5,3,4,12,1,Promising
15117,15,8,2485.97,5,4,4,13,3,Champions
15118,135,1,244.8,3,1,1,5,0,Lost
15119,246,1,266.4,2,1,1,4,0,Lost
15120,134,1,343.82,3,1,2,6,0,Lost
15121,51,2,457.72,4,2,2,8,1,Promising
15122,115,11,4477.07,3,5,5,13,2,At risk
15123,8,5,4656.17,5,4,5,14,3,Champions
15124,23,4,450.82,4,3,2,9,1,Promising
15125,26,23,16520.07,4,5,5,14,3,Champions
15126,537,2,449.49,1,2,2,5,0,Lost
15127,66,2,711.5,3,2,3,8,1,Promising
15128,61,5,1764.18,3,4,4,11,2,At risk
15129,51,23,6860.18,4,5,5,14,3,Champions
15130,170,1,330.11,3,1,2,6,0,Lost
15131,395,1,80.28,2,1,1,4,0,Lost
15132,19,5,977.93,5,4,3,12,1,Promising
15133,128,5,1806.9,3,4,4,11,2,At risk
15134,15,10,1596.29,5,5,4,14,3,Champions
15135,240,2,305.68,2,2,2,6,0,Lost
15136,3,4,1286.7,5,3,4,12,1,Promising
15137,521,2,823.4,1,2,3,6,0,Lost
15138,394,1,502.52,2,1,2,5,0,Lost
15139,240,2,178.96,2,2,1,5,0,Lost
15140,53,8,3243.69,4,4,5,13,3,Champions
15141,458,7,1388.47,1,4,4,9,2,At risk
15142,47,6,2619.92,4,4,4,12,2,At risk
15143,226,2,563.63,2,2,2,6,0,Lost
15144,9,29,12077.36,5,5,5,15,3,Champions
15145,5,4,1194.73,5,3,4,12,1,Promising
15146,165,2,1327.16,3,2,4,9,2,At risk
15147,241,1,623.5,2,1,3,6,0,Lost
15148,11,1,301.29,5,1,2,8,1,Promising
15149,134,4,1524.61,3,3,4,10,2,At risk
15150,18,13,8967.44,5,5,5,15,3,Champions
15151,424,2,2085.61,1,2,4,7,2,At risk
15152,10,14,5263.83,5,5,5,15,3,Champions
15153,32,1,329.25,4,1,2,7,1,Promising
15154,76,3,1314.17,3,3,4,10,2,At risk
15155,384,1,383.97,2,1,2,5,0,Lost
15156,2,3,961.49,5,3,3,11,1,Promising
15157,4,5,2629.63,5,4,4,13,1,Promising
15158,46,2,441.02,4,2,2,8,1,Promising
15159,2,34,22086.85,5,5,5,15,3,Champions
15160,358,4,589.27,2,3,2,7,2,At risk
15161,389,1,119.92,2,1,1,4,0,Lost
15162,732,1,312.9,1,1,2,4,0,Lost
15163,19,2,304.47,5,2,2,9,1,Promising
15164,69,9,2011.21,3,5,4,12,2,At risk
15165,374,1,487.75,2,1,2,5,0,Lost
15166,468,1,167.16,1,1,1,3,0,Lost
15167,321,5,1627.62,2,4,4,10,2,At risk
15168,26,1,106.56,4,1,1,6,1,Promising
15169,383,2,569.22,2,2,2,6,0,Lost
15170,407,1,81.15,2,1,1,4,0,Lost
15171,332,1,1034.5,2,1,3,6,0,Lost
15172,9,5,1624.05,5,4,4,13,1,Promising
15173,381,7,1494.6,2,4,4,10,2,At risk
15174,323,2,481.46,2,2,2,6,0,Lost
15175,72,1,224.14,3,1,1,5,0,Lost
15176,668,1,988.04,1,1,3,5,0,Lost
15177,426,1,948.93,1,1,3,5,0,Lost
15178,261,1,40.5,2,1,1,4,0,Lost
15179,19,13,7491.92,5,5,5,15,3,Champions
15180,368,3,816.9300000000001,2,3,3,8,2,At risk
15181,67,5,1200.2,3,4,4,11,2,At risk
15182,155,11,2967.35,3,5,5,13,2,At risk
15183,548,3,639.93,1,3,3,7,0,Lost
15184,30,4,685.39,4,3,3,10,1,Promising
15185,71,1,310.62,3,1,2,6,0,Lost
15186,15,5,1403.2,5,4,4,13,1,Promising
15187,2,15,4731.58,5,5,5,15,3,Champions
15188,726,1,310.43,1,1,2,4,0,Lost
15189,2,46,17498.88,5,5,5,15,3,Champions
15190,435,1,834.4399999999999,1,1,3,5,0,Lost
15191,464,3,588.05,1,3,2,6,0,Lost
15192,120,5,1666.39,3,4,4,11,2,At risk
15193,61,1,499.32,3,1,2,6,1,Promising
15194,4,28,11942.33,5,5,5,15,3,Champions
15195,3,1,3861.0,5,1,5,11,1,Promising
15196,433,2,313.7,1,2,2,5,0,Lost
15197,11,6,1458.11,5,4,4,13,1,Promising
15198,93,5,571.35,3,4,2,9,2,At risk
15199,60,10,3122.4,3,5,5,13,3,Champions
15200,495,1,549.0500000000001,1,1,2,4,0,Lost
15201,88,7,1803.17,3,4,4,11,2,At risk
15203,26,15,4400.18,4,5,5,14,3,Champions
15204,358,1,316.58,2,1,2,5,0,Lost
15205,86,2,653.24,3,2,3,8,1,Promising
15206,11,4,420.3,5,3,2,10,1,Promising
15207,417,3,663.52,1,3,3,7,2,At risk
15208,2,6,970.52,5,4,3,12,1,Promising
15209,731,1,178.98000000000002,1,1,1,3,0,Lost
15210,226,3,1176.19,2,3,3,8,2,At risk
15211,61,2,894.4100000000001,3,2,3,8,1,Promising
15212,242,2,208.28,2,2,1,5,0,Lost
15213,319,2,328.35,2,2,2,6,0,Lost
15214,2,8,1661.44,5,4,4,13,3,Champions
15215,47,6,1615.41,4,4,4,12,2,At risk
15216,88,2,486.09,3,2,2,7,1,Promising
15217,564,1,426.24,1,1,2,4,0,Lost
15218,11,22,11432.83,5,5,5,15,3,Champions
15219,177,2,685.45,3,2,3,8,0,Lost
15220,52,6,1758.92,4,4,4,12,2,At risk
15221,367,4,1886.6,2,3,4,9,2,At risk
15222,319,11,3550.91,2,5,5,12,2,At risk
15223,226,4,1117.1,2,3,3,8,2,At risk
15224,359,5,871.36,2,4,3,9,2,At risk
15225,235,1,409.4,2,1,2,5,0,Lost
15226,311,1,154.41,2,1,1,4,0,Lost
15227,37,9,2488.49,4,5,4,13,3,Champions
15228,67,6,5580.27,3,4,5,12,2,At risk
15229,587,1,160.5,1,1,1,3,0,Lost
15230,240,2,429.6,2,2,2,6,0,Lost
15231,622,1,250.26,1,1,1,3,0,Lost
15232,114,2,612.06,3,2,3,8,0,Lost
15233,402,1,59.400000000000006,2,1,1,4,0,Lost
15234,277,1,197.0,2,1,1,4,0,Lost
15235,218,16,2772.76,2,5,4,11,2,At risk
15236,299,1,321.05,2,1,2,5,0,Lost
15237,2,4,1412.32,5,3,4,12,1,Promising
15238,30,3,1059.49,4,3,3,10,1,Promising
15239,11,2,780.59,5,2,3,10,1,Promising
15240,45,12,4376.41,4,5,5,14,3,Champions
15241,67,11,3032.31,3,5,5,13,3,Champions
15242,423,1,302.04,1,1,2,4,0,Lost
15243,75,2,927.28,3,2,3,8,1,Promising
15244,66,3,890.13,3,3,3,9,1,Promising
15245,135,8,4610.84,3,4,5,12,2,At risk
15246,239,3,780.4,2,3,3,8,2,At risk
15247,123,3,976.06,3,3,3,9,2,At risk
15248,412,3,1893.93,1,3,4,8,2,At risk
15249,32,18,9212.0,4,5,5,14,3,Champions
15250,641,1,60.0,1,1,1,3,0,Lost
15251,10,21,20324.54,5,5,5,15,3,Champions
15252,37,5,2080.01,4,4,4,12,2,At risk
15253,17,8,2055.09,5,4,4,13,3,Champions
15254,128,3,1088.35,3,3,3,9,2,At risk
15255,67,9,3659.27,3,5,5,13,3,Champions
15256,149,2,170.4,3,2,1,6,0,Lost
15257,284,2,520.9,2,2,2,6,0,Lost
15258,169,2,623.16,3,2,3,8,0,Lost
15259,513,4,1182.38,1,3,3,7,2,At risk
15260,101,25,8722.880000000001,3,5,5,13,3,Champions
15261,136,4,1508.0,3,3,4,10,2,At risk
15262,324,3,418.82,2,3,2,7,0,Lost
15263,107,1,156.51,3,1,1,5,0,Lost
15264,65,2,848.4,3,2,3,8,1,Promising
15265,152,4,3345.64,3,3,5,11,2,At risk
15266,339,5,852.21,2,4,3,9,2,At risk
15267,23,5,1717.36,4,4,4,12,1,Promising
15268,479,3,961.9,1,3,3,7,2,At risk
15269,24,3,1225.36,4,3,4,11,1,Promising
15270,16,21,8209.36,5,5,5,15,3,Champions
15271,8,24,4479.54,5,5,5,15,3,Champions
15272,58,6,2030.95,4,4,4,12,2,At risk
15273,600,1,228.96,1,1,1,3,0,Lost
15274,5,2,716.57,5,2,3,10,1,Promising
15275,38,1,615.14,4,1,3,8,1,Promising
15276,67,3,601.3,3,3,3,9,1,Promising
15277,47,2,476.34,4,2,2,8,1,Promising
15278,562,4,496.16,1,3,2,6,2,At risk
15279,355,5,1567.94,2,4,4,10,2,At risk
15280,173,3,397.52,3,3,2,8,0,Lost
15281,59,16,8437.12,4,5,5,14,3,Champions
15282,571,1,348.59,1,1,2,4,0,Lost
15283,391,3,148.32999999999998,2,3,1,6,0,Lost
15284,501,1,24.75,1,1,1,3,0,Lost
15285,408,1,94.92,2,1,1,4,0,Lost
15286,50,1,240.55,4,1,1,6,1,Promising
15287,23,5,856.03,4,4,3,11,1,Promising
15288,44,10,3706.53,4,5,5,14,3,Champions
15289,30,5,1575.39,4,4,4,12,1,Promising
15290,5,25,10366.38,5,5,5,15,3,Champions
15291,26,39,13419.06,4,5,5,14,3,Champions
15292,202,1,178.39,2,1,1,4,0,Lost
15293,666,1,247.5,1,1,1,3,0,Lost
15294,411,1,233.35,1,1,1,3,0,Lost
15295,655,1,207.04,1,1,1,3,0,Lost
15296,51,11,10249.58,4,5,5,14,3,Champions
15297,11,3,641.94,5,3,3,11,1,Promising
15298,3,23,9008.27,5,5,5,15,3,Champions
15299,68,9,5556.53,3,5,5,13,3,Champions
15300,65,1,496.44,3,1,2,6,1,Promising
15301,51,17,6874.77,4,5,5,14,3,Champions
15302,731,1,291.05,1,1,2,4,0,Lost
15303,291,3,1178.78,2,3,3,8,2,At risk
15304,61,9,796.4,3,5,3,11,2,At risk
15305,556,1,93.6,1,1,1,3,0,Lost
15306,65,9,3484.73,3,5,5,13,3,Champions
15307,96,1,205.3,3,1,1,5,0,Lost
15308,275,1,310.47,2,1,2,5,0,Lost
15309,611,3,736.76,1,3,3,7,2,At risk
15310,479,1,1634.64,1,1,4,6,0,Lost
15311,1,205,113040.88,5,5,5,15,3,Champions
15312,76,12,2930.19,3,5,5,13,3,Champions
15313,111,1,52.0,3,1,1,5,0,Lost
15314,200,2,800.65,2,2,3,7,2,At risk
15315,65,2,551.54,3,2,2,7,1,Promising
15316,327,1,165.0,2,1,1,4,0,Lost
15317,678,1,129.75,1,1,1,3,0,Lost
15318,4,1,312.62,5,1,2,8,1,Promising
15319,284,1,204.5,2,1,1,4,0,Lost
15320,45,1,267.13,4,1,1,6,1,Promising
15321,71,12,6692.030000000001,3,5,5,13,3,Champions
15322,86,2,1323.3,3,2,4,9,2,At risk
15323,563,3,342.90000000000003,1,3,2,6,0,Lost
15324,702,1,140.22000000000003,1,1,1,3,0,Lost
15325,104,8,1601.46,3,4,4,11,2,At risk
15326,334,5,1607.32,2,4,4,10,2,At risk
15327,53,1,208.75,4,1,1,6,0,Lost
15328,408,1,107.24,2,1,1,4,0,Lost
15329,40,10,2825.73,4,5,4,13,3,Champions
15330,33,2,714.9599999999999,4,2,3,9,1,Promising
15331,500,3,756.66,1,3,3,7,2,At risk
15332,367,6,4892.68,2,4,5,11,2,At risk
15333,209,1,1028.56,2,1,3,6,0,Lost
15334,157,3,347.87,3,3,2,8,0,Lost
15335,54,1,170.22,4,1,1,6,0,Lost
15336,402,1,240.5,2,1,1,4,0,Lost
15337,412,1,373.02,1,1,2,4,0,Lost
15338,678,1,277.93,1,1,1,3,0,Lost
15339,67,7,1660.52,3,4,4,11,2,At risk
15340,562,1,105.5,1,1,1,3,0,Lost
15341,81,2,2402.72,3,2,4,9,2,At risk
15342,130,1,392.59,3,1,2,6,0,Lost
15343,88,1,364.5,3,1,2,6,0,Lost
15344,1,3,504.14,5,3,2,10,1,Promising
15345,46,1,373.59,4,1,2,7,1,Promising
15346,333,3,596.12,2,3,3,8,2,At risk
15347,367,3,1147.15,2,3,3,8,2,At risk
15348,73,1,158.04,3,1,1,5,0,Lost
15349,159,2,463.91,3,2,2,7,0,Lost
15350,374,2,547.6,2,2,2,6,0,Lost
15351,13,10,3385.67,5,5,5,15,3,Champions
15352,549,1,111.15,1,1,1,3,0,Lost
15353,255,7,2794.47,2,4,4,10,2,At risk
15355,30,2,277.05,4,2,1,7,1,Promising
15356,32,13,3239.57,4,5,5,14,3,Champions
15358,5,42,16388.01,5,5,5,15,3,Champions
15359,663,7,162.6,1,4,1,6,0,Lost
15360,40,1,427.93,4,1,2,7,1,Promising
15361,362,4,689.07,2,3,3,8,2,At risk
15362,449,2,613.08,1,2,3,6,0,Lost
15363,373,2,678.11,2,2,3,7,0,Lost
15364,96,2,913.19,3,2,3,8,2,At risk
15365,26,12,3791.98,4,5,5,14,3,Champions
15366,76,7,2389.08,3,4,4,11,2,At risk
15367,58,11,5015.63,4,5,5,14,3,Champions
15368,22,2,722.74,4,2,3,9,1,Promising
15369,493,11,6251.26,1,5,5,11,2,At risk
15370,41,8,3739.01,4,4,5,13,3,Champions
15371,663,1,59.400000000000006,1,1,1,3,0,Lost
15372,138,8,5962.66,3,4,5,12,2,At risk
15373,9,16,2881.74,5,5,5,15,3,Champions
15374,129,2,307.32,3,2,2,7,0,Lost
15375,691,1,60.96,1,1,1,3,0,Lost
15376,41,3,1221.56,4,3,4,11,1,Promising
15377,383,4,1211.75,2,3,4,9,2,At risk
15378,463,2,246.5,1,2,1,4,0,Lost
15379,170,8,4824.14,3,4,5,12,2,At risk
15380,9,11,3248.96,5,5,5,15,3,Champions
15381,214,5,1890.57,2,4,4,10,2,At risk
15382,15,12,13687.2,5,5,5,15,3,Champions
15384,170,4,2027.79,3,3,4,10,2,At risk
15385,41,3,942.08,4,3,3,10,1,Promising
15386,187,1,394.14,3,1,2,6,0,Lost
15387,493,1,468.65,1,1,2,4,0,Lost
15388,271,1,140.54,2,1,1,4,0,Lost
15389,173,5,2733.8,3,4,4,11,2,At risk
15390,397,2,1216.66,2,2,4,8,2,At risk
15391,585,1,289.87,1,1,2,4,0,Lost
15392,5,7,2891.82,5,4,5,14,3,Champions
15393,17,5,891.34,5,4,3,12,1,Promising
15394,10,11,5261.3,5,5,5,15,3,Champions
15395,326,1,107.45,2,1,1,4,0,Lost
15396,113,2,796.38,3,2,3,8,2,At risk
15397,290,1,94.0,2,1,1,4,0,Lost
15398,17,2,1345.53,5,2,4,11,1,Promising
15399,2,3,815.77,5,3,3,11,1,Promising
15400,93,8,1252.8,3,4,4,11,2,At risk
15401,453,2,216.95,1,2,1,4,0,Lost
15402,149,6,1830.12,3,4,4,11,2,At risk
15403,492,2,170.88,1,2,1,4,0,Lost
15404,376,1,257.06,2,1,1,4,0,Lost
15405,190,2,659.84,2,2,3,7,0,Lost
15406,32,4,955.97,4,3,3,10,1,Promising
15407,34,4,1046.74,4,3,3,10,1,Promising
15408,265,1,267.18,2,1,1,4,0,Lost
15409,722,1,131.25,1,1,1,3,0,Lost
15410,85,10,4685.72,3,5,5,13,3,Champions
15411,27,4,1336.43,4,3,4,11,1,Promising
15412,172,1,190.53,3,1,1,5,0,Lost
15413,692,5,6798.72,1,4,5,10,2,At risk
15414,10,3,774.9000000000001,5,3,3,11,1,Promising
15415,314,1,559.61,2,1,2,5,0,Lost
15416,65,7,4572.82,3,4,5,12,2,At risk
15417,86,1,508.8,3,1,2,6,0,Lost
15418,426,2,449.42,1,2,2,5,0,Lost
15419,25,1,135.86,4,1,1,6,1,Promising
15420,435,6,743.0,1,4,3,8,2,At risk
15421,59,10,3805.34,4,5,5,14,3,Champions
15422,324,7,1619.97,2,4,4,10,2,At risk
15423,39,3,219.14,4,3,1,8,1,Promising
15424,255,3,597.78,2,3,3,8,2,At risk
15425,401,4,1941.12,2,3,4,9,2,At risk
15426,20,9,2143.96,4,5,4,13,3,Champions
15427,34,3,1430.54,4,3,4,11,1,Promising
15428,16,4,762.75,5,3,3,11,1,Promising
15429,27,2,397.35,4,2,2,8,1,Promising
15430,468,2,914.95,1,2,3,6,0,Lost
15431,503,1,153.24,1,1,1,3,0,Lost
15432,24,2,320.76,4,2,2,8,1,Promising
15433,214,2,533.3,2,2,2,6,0,Lost
15434,9,11,2528.06,5,5,4,14,3,Champions
15435,23,1,149.29,4,1,1,6,1,Promising
15436,13,3,1067.75,5,3,3,11,1,Promising
15437,263,2,393.45,2,2,2,6,0,Lost
15438,132,1,156.57999999999998,3,1,1,5,0,Lost
15439,405,4,1269.05,2,3,4,9,2,At risk
15440,55,3,383.68,4,3,2,9,1,Promising
15441,397,3,1254.21,2,3,4,9,2,At risk
15442,249,1,594.0,2,1,2,5,0,Lost
15443,2,14,5060.38,5,5,5,15,3,Champions
15444,10,2,1411.21,5,2,4,11,1,Promising
15445,265,2,284.5,2,2,2,6,0,Lost
15446,377,3,396.75,2,3,2,7,0,Lost
15447,331,5,492.88,2,4,2,8,2,At risk
15448,313,2,788.8100000000001,2,2,3,7,0,Lost
15449,27,3,974.52,4,3,3,10,1,Promising
15450,31,1,429.84,4,1,2,7,1,Promising
15451,435,2,226.86,1,2,1,4,0,Lost
15452,30,6,1785.11,4,4,4,12,1,Promising
15453,2,7,1371.77,5,4,4,13,1,Promising
15454,363,2,303.89,2,2,2,6,0,Lost
15455,598,1,38.25,1,1,1,3,0,Lost
15456,284,10,2091.52,2,5,4,11,2,At risk
15457,263,1,237.07,2,1,1,4,0,Lost
15458,26,2,370.44,4,2,2,8,1,Promising
15459,418,2,202.83,1,2,1,4,0,Lost
15460,355,1,214.26,2,1,1,4,0,Lost
15461,461,2,429.7,1,2,2,5,0,Lost
15462,95,4,737.05,3,3,3,9,2,At risk
15463,30,1,126.14,4,1,1,6,1,Promising
15464,339,1,1044.65,2,1,3,6,0,Lost
15465,20,32,12042.25,4,5,5,14,3,Champions
15466,86,4,1560.46,3,3,4,10,2,At risk
15467,10,3,524.88,5,3,2,10,1,Promising
15468,52,3,1430.48,4,3,4,11,1,Promising
15469,51,3,874.25,4,3,3,10,1,Promising
15470,576,1,63.42,1,1,1,3,0,Lost
15471,3,3,1292.01,5,3,4,12,1,Promising
15472,114,1,371.56,3,1,2,6,0,Lost
15473,15,7,1842.0,5,4,4,13,3,Champions
15474,596,1,150.35,1,1,1,3,0,Lost
15475,78,1,454.11,3,1,2,6,0,Lost
15476,381,4,2180.28,2,3,4,9,2,At risk
15477,650,1,368.4,1,1,2,4,0,Lost
15478,41,3,1940.98,4,3,4,11,1,Promising
15479,734,1,147.4,1,1,1,3,0,Lost
15480,117,3,3592.25,3,3,5,11,2,At risk
15481,402,1,1993.34,2,1,4,7,2,At risk
15482,16,16,10416.72,5,5,5,15,3,Champions
15483,162,10,810.68,3,5,3,11,2,At risk
15484,2,6,4620.9,5,4,5,14,3,Champions
15485,31,7,4810.92,4,4,5,13,3,Champions
15486,528,1,102.0,1,1,1,3,0,Lost
15487,680,1,231.32,1,1,1,3,0,Lost
15488,93,5,431.92,3,4,2,9,2,At risk
15489,23,8,2386.9100000000003,4,4,4,12,3,Champions
15490,431,1,210.85,1,1,1,3,0,Lost
15491,96,6,3100.09,3,4,5,12,2,At risk
15492,29,2,659.46,4,2,3,9,1,Promising
15493,33,9,4078.64,4,5,5,14,3,Champions
15494,22,5,3702.6,4,4,5,13,3,Champions
15495,380,1,246.5,2,1,1,4,0,Lost
15496,632,1,146.14,1,1,1,3,0,Lost
15497,18,9,8657.39,5,5,5,15,3,Champions
15498,3,44,24882.86,5,5,5,15,3,Champions
15499,724,1,158.65,1,1,1,3,0,Lost
15500,9,4,1131.56,5,3,3,11,1,Promising
15501,405,2,399.95,2,2,2,6,0,Lost
15502,16,11,9227.77,5,5,5,15,3,Champions
15503,363,2,257.3,2,2,1,5,0,Lost
15504,82,4,391.45,3,3,2,8,1,Promising
15505,53,5,3497.14,4,4,5,13,2,At risk
15506,23,6,2030.33,4,4,4,12,1,Promising
15507,172,1,475.86,3,1,2,6,0,Lost
15508,190,6,1000.27,2,4,3,9,2,At risk
15509,381,1,152.41,2,1,1,4,0,Lost
15510,331,1,250.0,2,1,1,4,0,Lost
15511,12,5,900.53,5,4,3,12,1,Promising
15512,156,4,331.58,3,3,2,8,0,Lost
15513,34,35,26103.21,4,5,5,14,3,Champions
15514,13,18,5311.96,5,5,5,15,3,Champions
15515,388,1,171.81,2,1,1,4,0,Lost
15516,45,3,62.43,4,3,1,8,1,Promising
15517,234,1,267.03,2,1,1,4,0,Lost
15518,65,15,4122.84,3,5,5,13,3,Champions
15519,384,2,344.61,2,2,2,6,0,Lost
15520,2,1,343.5,5,1,2,8,1,Promising
15521,41,14,6867.64,4,5,5,14,3,Champions
15522,33,2,397.99,4,2,2,8,1,Promising
15523,85,16,17259.19,3,5,5,13,3,Champions
15524,25,2,591.4,4,2,2,8,1,Promising
15525,3,4,872.82,5,3,3,11,1,Promising
15526,34,2,148.44,4,2,1,7,1,Promising
15527,19,22,5355.4400000000005,5,5,5,15,3,Champions
15528,255,1,229.33,2,1,1,4,0,Lost
15529,23,12,4756.21,4,5,5,14,3,Champions
15530,22,5,1808.68,4,4,4,12,1,Promising
15531,9,2,1972.39,5,2,4,11,1,Promising
15532,26,10,3659.6,4,5,5,14,3,Champions
15533,20,3,793.72,4,3,3,10,1,Promising
15534,726,1,162.25,1,1,1,3,0,Lost
15535,174,6,1031.62,3,4,3,10,2,At risk
15536,410,1,259.09,1,1,1,3,0,Lost
15537,164,1,110.92,3,1,1,5,0,Lost
15538,538,6,3358.4,1,4,5,10,2,At risk
15539,8,1,538.46,5,1,2,8,1,Promising
15540,12,2,460.68,5,2,2,9,1,Promising
15541,115,1,85.13000000000001,3,1,1,5,0,Lost
15542,513,3,833.16,1,3,3,7,2,At risk
15543,289,2,242.26,2,2,1,5,0,Lost
15544,10,20,7793.04,5,5,5,15,3,Champions
15545,55,2,288.97,4,2,2,8,1,Promising
15546,607,1,539.5500000000001,1,1,2,4,0,Lost
15547,8,26,10002.65,5,5,5,15,3,Champions
15548,596,1,158.09,1,1,1,3,0,Lost
15549,78,8,2292.91,3,4,4,11,2,At risk
15550,5,12,1994.6,5,5,4,14,3,Champions
15551,37,6,1625.81,4,4,4,12,2,At risk
15552,218,2,252.52,2,2,1,5,0,Lost
15553,61,1,428.93,3,1,2,6,1,Promising
15554,278,1,217.2,2,1,1,4,0,Lost
15555,13,36,11009.33,5,5,5,15,3,Champions
15556,25,1,279.77,4,1,1,6,1,Promising
15557,29,1,468.91,4,1,2,7,1,Promising
15558,640,1,131.88,1,1,1,3,0,Lost
15559,569,1,1109.4,1,1,3,5,0,Lost
15560,398,2,153.52,2,2,1,5,0,Lost
15561,12,8,1866.44,5,4,4,13,3,Champions
15562,352,3,671.4300000000001,2,3,3,8,2,At risk
15563,23,6,2815.42,4,4,4,12,3,Champions
15564,464,2,70.74000000000001,1,2,1,4,0,Lost
15565,51,2,173.16000000000005,4,2,1,7,1,Promising
15566,393,2,227.87,2,2,1,5,0,Lost
15567,19,1,186.01,5,1,1,7,1,Promising
15568,3,3,758.29,5,3,3,11,1,Promising
15569,104,10,3583.45,3,5,5,13,2,At risk
15570,8,25,8705.79,5,5,5,15,3,Champions
15571,12,14,3892.35,5,5,5,15,3,Champions
15572,5,10,3965.2,5,5,5,15,3,Champions
15573,32,5,1180.47,4,4,3,11,1,Promising
15574,178,6,1101.44,3,4,3,10,2,At risk
15575,620,1,30.1,1,1,1,3,0,Lost
15576,38,1,921.37,4,1,3,8,1,Promising
15577,152,5,396.03,3,4,2,9,2,At risk
15578,163,1,127.1,3,1,1,5,0,Lost
15579,69,5,1215.38,3,4,4,11,2,At risk
15580,377,8,1295.44,2,4,4,10,2,At risk
15581,157,33,4386.33,3,5,5,13,3,Champions
15582,25,3,682.9100000000001,4,3,3,10,1,Promising
15583,377,1,95.96,2,1,1,4,0,Lost
15584,24,6,1259.7,4,4,4,12,1,Promising
15585,177,1,455.3,3,1,2,6,0,Lost
15586,593,3,1139.1,1,3,3,7,2,At risk
15587,51,7,1522.08,4,4,4,12,2,At risk
15588,678,1,579.6,1,1,2,4,0,Lost
15589,256,3,456.58,2,3,2,7,0,Lost
15590,383,5,1496.6,2,4,4,10,2,At risk
15591,583,3,217.9,1,3,1,5,0,Lost
15592,47,1,388.58,4,1,2,7,1,Promising
15593,71,1,199.8,3,1,1,5,0,Lost
15594,16,5,1771.78,5,4,4,13,1,Promising
15595,488,1,357.6,1,1,2,4,0,Lost
15596,101,9,2663.72,3,5,4,12,2,At risk
15597,36,2,563.37,4,2,2,8,1,Promising
15598,54,2,548.02,4,2,2,8,1,Promising
15599,27,3,1250.06,4,3,4,11,1,Promising
15600,429,4,1186.56,1,3,3,7,2,At risk
15601,12,30,14179.24,5,5,5,15,3,Champions
15602,9,15,3005.21,5,5,5,15,3,Champions
15603,79,2,88.48,3,2,1,6,0,Lost
15604,53,1,216.39,4,1,1,6,0,Lost
15605,37,9,1741.95,4,5,4,13,3,Champions
15606,62,17,5211.19,3,5,5,13,3,Champions
15607,337,9,1649.57,2,5,4,11,2,At risk
15608,29,5,1785.98,4,4,4,12,1,Promising
15609,185,1,270.03000000000003,3,1,1,5,0,Lost
15610,52,1,112.46,4,1,1,6,0,Lost
15611,10,24,2904.13,5,5,5,15,3,Champions
15612,37,2,195.15,4,2,1,7,1,Promising
15613,611,1,433.72,1,1,2,4,0,Lost
15614,438,4,3028.56,1,3,5,9,2,At risk
15615,11,47,21357.02,5,5,5,15,3,Champions
15616,439,1,317.11,1,1,2,4,0,Lost
15617,397,3,828.5500000000001,2,3,3,8,2,At risk
15618,33,4,756.93,4,3,3,10,1,Promising
15619,11,1,336.4,5,1,2,8,1,Promising
15620,57,4,1927.36,4,3,4,11,2,At risk
15621,5,4,1214.07,5,3,4,12,1,Promising
15622,44,17,7416.610000000001,4,5,5,14,3,Champions
15623,142,8,2437.05,3,4,4,11,2,At risk
15624,117,4,588.13,3,3,2,8,2,At risk
15625,104,9,3221.4,3,5,5,13,2,At risk
15626,75,3,1052.67,3,3,3,9,2,At risk
15627,458,2,566.9,1,2,2,5,0,Lost
15628,5,17,5302.63,5,5,5,15,3,Champions
15629,451,4,2240.9,1,3,4,8,2,At risk
15630,46,3,1481.4,4,3,4,11,1,Promising
15631,643,1,596.67,1,1,3,5,0,Lost
15632,16,8,3170.11,5,4,5,14,3,Champions
15633,510,13,4306.26,1,5,5,11,2,At risk
15634,18,2,554.65,5,2,2,9,1,Promising
15635,396,1,100.35,2,1,1,4,0,Lost
15636,90,4,1444.58,3,3,4,10,2,At risk
15637,53,5,797.59,4,4,3,11,1,Promising
15638,379,6,2265.2,2,4,4,10,2,At risk
15639,135,3,1047.68,3,3,3,9,2,At risk
15640,5,29,23440.01,5,5,5,15,3,Champions
15641,106,12,5345.55,3,5,5,13,3,Champions
15642,730,1,105.78,1,1,1,3,0,Lost
15643,192,3,664.0,2,3,3,8,2,At risk
15644,167,4,803.54,3,3,3,9,2,At risk
15645,19,3,1042.15,5,3,3,11,1,Promising
15646,158,5,762.3100000000001,3,4,3,10,2,At risk
15647,416,1,169.0,1,1,1,3,0,Lost
15648,205,2,588.5,2,2,2,6,0,Lost
15649,337,4,1660.35,2,3,4,9,2,At risk
15650,522,2,539.03,1,2,2,5,0,Lost
15651,37,5,1259.06,4,4,4,12,1,Promising
15652,92,5,1397.44,3,4,4,11,2,At risk
15653,93,2,877.44,3,2,3,8,2,At risk
15654,10,2,922.53,5,2,3,10,1,Promising
15655,244,1,521.27,2,1,2,5,0,Lost
15656,46,4,748.5,4,3,3,10,1,Promising
15657,23,1,30.0,4,1,1,6,0,Lost
15658,191,7,2066.04,2,4,4,10,2,At risk
15659,44,3,532.49,4,3,2,9,1,Promising
15660,26,15,2564.09,4,5,4,13,3,Champions
15661,318,8,1215.95,2,4,4,10,2,At risk
15662,662,2,283.73,1,2,2,5,0,Lost
15663,107,1,138.14,3,1,1,5,0,Lost
15664,51,4,1203.73,4,3,4,11,1,Promising
15665,169,5,3987.07,3,4,5,12,2,At risk
15666,473,2,632.94,1,2,3,6,0,Lost
15667,40,1,301.32000000000005,4,1,2,7,1,Promising
15668,218,1,76.32000000000001,2,1,1,4,0,Lost
15669,41,4,684.34,4,3,3,10,1,Promising
15670,297,2,325.2,2,2,2,6,0,Lost
15671,19,7,2657.13,5,4,4,13,3,Champions
15672,726,1,45.3,1,1,1,3,0,Lost
15673,89,9,6204.32,3,5,5,13,3,Champions
15674,74,11,6245.650000000001,3,5,5,13,3,Champions
15675,82,4,542.04,3,3,2,8,2,At risk
15676,19,3,3365.56,5,3,5,13,1,Promising
15677,50,3,1305.63,4,3,4,11,1,Promising
15678,53,3,1825.94,4,3,4,11,2,At risk
15679,25,4,781.28,4,3,3,10,1,Promising
15680,10,10,4010.99,5,5,5,15,3,Champions
15681,29,13,2480.2,4,5,4,13,3,Champions
15682,600,2,318.24,1,2,2,5,0,Lost
15683,118,2,524.54,3,2,2,7,0,Lost
15684,548,3,173.95,1,3,1,5,0,Lost
15685,451,1,55.98,1,1,1,3,0,Lost
15686,421,1,90.0,1,1,1,3,0,Lost
15687,9,9,2993.1,5,5,5,15,3,Champions
15688,419,1,190.57,1,1,1,3,0,Lost
15689,120,3,521.03,3,3,2,8,2,At risk
15690,5,2,239.76,5,2,1,8,1,Promising
15691,253,4,511.8,2,3,2,7,2,At risk
15692,29,1,191.04,4,1,1,6,1,Promising
15693,660,1,37.5,1,1,1,3,0,Lost
15694,1,23,9907.68,5,5,5,15,3,Champions
15695,267,4,1131.04,2,3,3,8,2,At risk
15696,34,13,3811.32,4,5,5,14,3,Champions
15697,690,1,246.75,1,1,1,3,0,Lost
15698,625,1,46.2,1,1,1,3,0,Lost
15699,18,1,309.65,5,1,2,8,1,Promising
15700,173,2,684.43,3,2,3,8,0,Lost
15701,3,4,1529.0,5,3,4,12,1,Promising
15702,477,1,112.57,1,1,1,3,0,Lost
15703,265,1,211.5,2,1,1,4,0,Lost
15704,141,6,3663.86,3,4,5,12,2,At risk
15705,202,1,143.1,2,1,1,4,0,Lost
15706,64,4,1017.26,3,3,3,9,2,At risk
15707,36,4,916.98,4,3,3,10,1,Promising
15708,41,9,3856.6,4,5,5,14,3,Champions
15709,284,2,327.85,2,2,2,6,0,Lost
15710,418,1,898.87,1,1,3,5,0,Lost
15711,557,2,420.25,1,2,2,5,0,Lost
15712,10,12,3472.41,5,5,5,15,3,Champions
15713,144,4,824.79,3,4,3,10,2,At risk
15714,12,5,783.96,5,4,3,12,1,Promising
15715,556,5,658.02,1,4,3,8,2,At risk
15716,146,11,2482.74,3,5,4,12,2,At risk
15717,235,5,607.0,2,4,3,9,2,At risk
15718,541,1,293.79,1,1,2,4,0,Lost
15719,33,31,10148.22,4,5,5,14,3,Champions
15720,25,2,739.22,4,2,3,9,1,Promising
15721,12,1,471.4,5,1,2,8,1,Promising
15722,36,11,5195.75,4,5,5,14,3,Champions
15723,365,4,930.7,2,4,3,9,2,At risk
15724,202,3,310.85,2,3,2,7,0,Lost
15725,16,1,415.25,5,1,2,8,1,Promising
15726,391,1,321.91,2,1,2,5,0,Lost
15727,17,15,9371.71,5,5,5,15,3,Champions
15728,380,2,544.6,2,2,2,6,0,Lost
15729,213,3,154.70000000000002,2,3,1,6,0,Lost
15730,66,5,1726.58,3,4,4,11,2,At risk
15731,554,1,125.3,1,1,1,3,0,Lost
15732,213,10,1499.42,2,5,4,11,2,At risk
15733,283,1,162.3,2,1,1,4,0,Lost
15734,115,4,2263.3,3,4,4,11,2,At risk
15735,422,1,327.68,1,1,2,4,0,Lost
15736,436,2,1750.12,1,2,4,7,2,At risk
15737,15,6,1139.12,5,4,3,12,1,Promising
15738,19,41,13030.12,5,5,5,15,3,Champions
15739,67,1,449.12,3,1,2,6,1,Promising
15740,50,1,154.88,4,1,1,6,0,Lost
15741,459,2,208.62,1,2,1,4,0,Lost
15742,620,1,156.87,1,1,1,3,0,Lost
15743,17,4,775.96,5,4,3,12,1,Promising
15744,78,1,34.8,3,1,1,5,0,Lost
15745,20,4,1094.59,4,4,3,11,1,Promising
15746,135,1,182.96,3,1,1,5,0,Lost
15747,13,9,2499.81,5,5,4,14,3,Champions
15748,41,3,609.81,4,3,3,10,1,Promising
15749,236,2,24850.9,2,2,5,9,2,At risk
15750,3,18,6418.79,5,5,5,15,3,Champions
15751,461,10,1326.79,1,5,4,10,2,At risk
15752,40,9,3924.91,4,5,5,14,3,Champions
15753,305,1,79.2,2,1,1,4,0,Lost
15754,52,9,3007.71,4,5,5,14,3,Champions
15755,11,17,5993.12,5,5,5,15,3,Champions
15756,62,4,528.01,3,4,2,9,1,Promising
15757,66,6,2940.36,3,4,5,12,2,At risk
15758,25,1,205.25,4,1,1,6,1,Promising
15759,219,7,830.9300000000001,2,4,3,9,2,At risk
15761,443,1,143.05,1,1,1,3,0,Lost
15762,66,2,583.75,3,2,2,7,1,Promising
15763,32,2,1061.42,4,2,3,9,1,Promising
15764,89,8,4503.08,3,4,5,12,2,At risk
15765,667,1,370.63,1,1,2,4,0,Lost
15766,65,3,831.0600000000001,3,3,3,9,1,Promising
15768,116,34,15308.89,3,5,5,13,3,Champions
15769,8,45,84197.52,5,5,5,15,3,Champions
15770,613,1,321.45,1,1,2,4,0,Lost
15771,605,3,1006.54,1,3,3,7,2,At risk
15772,419,1,280.88,1,1,2,4,0,Lost
15773,6,2,774.52,5,2,3,10,1,Promising
15774,69,6,1287.09,3,4,4,11,2,At risk
15775,246,2,150.5,2,2,1,5,0,Lost
15776,134,1,241.62,3,1,1,5,0,Lost
15777,242,7,1762.61,2,4,4,10,2,At risk
15778,432,1,307.95000000000005,1,1,2,4,0,Lost
15779,464,2,124.08,1,2,1,4,0,Lost
15780,184,3,475.28,3,3,2,8,0,Lost
15781,26,3,345.46000000000004,4,3,2,9,1,Promising
15782,10,4,4014.1,5,4,5,14,1,Promising
15783,11,1,246.3,5,1,1,7,1,Promising
15784,468,2,848.33,1,2,3,6,0,Lost
15785,33,16,5969.93,4,5,5,14,3,Champions
15786,47,5,8467.8,4,4,5,13,3,Champions
15787,27,3,933.26,4,3,3,10,1,Promising
15788,509,1,221.83,1,1,1,3,0,Lost
15789,359,6,1932.01,2,4,4,10,2,At risk
15790,11,1,218.75,5,1,1,7,1,Promising
15791,44,5,3608.34,4,4,5,13,2,At risk
15792,400,2,933.84,2,2,3,7,2,At risk
15793,15,8,2382.92,5,4,4,13,3,Champions
15794,737,2,777.0,1,2,3,6,0,Lost
15795,150,8,1979.87,3,4,4,11,2,At risk
15796,2,17,5155.68,5,5,5,15,3,Champions
15797,114,5,2806.08,3,4,4,11,2,At risk
15798,493,3,1535.37,1,3,4,8,2,At risk
15799,76,4,1421.34,3,4,4,11,2,At risk
15800,108,7,1227.07,3,4,4,11,2,At risk
15801,47,3,1063.95,4,3,3,10,1,Promising
15803,52,4,1929.66,4,4,4,12,2,At risk
15804,1,13,3878.33,5,5,5,15,3,Champions
15805,24,30,10073.53,4,5,5,14,3,Champions
15806,47,3,784.58,4,3,3,10,1,Promising
15807,51,5,1817.52,4,4,4,12,2,At risk
15808,307,21,17125.8,2,5,5,12,3,Champions
15809,185,6,862.88,3,4,3,10,2,At risk
15810,79,8,2965.59,3,4,5,12,2,At risk
15811,23,7,3382.05,4,4,5,13,3,Champions
15812,108,12,5201.47,3,5,5,13,3,Champions
15813,208,2,1303.91,2,2,4,8,2,At risk
15814,17,6,2634.44,5,4,4,13,3,Champions
15815,64,5,2100.6,3,4,4,11,2,At risk
15816,543,2,93.3,1,2,1,4,0,Lost
15817,421,3,2766.4,1,3,4,8,2,At risk
15818,589,1,340.5,1,1,2,4,0,Lost
15819,50,10,3917.99,4,5,5,14,3,Champions
15820,320,1,206.98,2,1,1,4,0,Lost
15821,45,2,570.96,4,2,2,8,1,Promising
15822,4,6,1840.06,5,4,4,13,1,Promising
15823,730,2,3326.81,1,2,5,8,2,At risk
15824,454,2,890.94,1,2,3,6,0,Lost
15825,173,1,532.94,3,1,2,6,0,Lost
15826,57,4,2588.08,4,4,4,12,2,At risk
15827,74,27,3362.99,3,5,5,13,3,Champions
15828,376,1,1108.82,2,1,3,6,0,Lost
15829,100,2,636.14,3,2,3,8,1,Promising
15830,38,1,556.2,4,1,2,7,1,Promising
15831,59,3,794.64,4,3,3,10,1,Promising
15832,255,1,836.79,2,1,3,6,0,Lost
15833,738,1,80.4,1,1,1,3,0,Lost
15834,71,7,3616.99,3,4,5,12,2,At risk
15835,45,4,954.09,4,4,3,11,1,Promising
15836,51,1,117.47,4,1,1,6,0,Lost
15837,65,2,777.01,3,2,3,8,1,Promising
15838,12,34,57387.1,5,5,5,15,3,Champions
15839,34,3,1036.59,4,3,3,10,1,Promising
15840,59,2,355.56,4,2,2,8,1,Promising
15841,73,9,2732.45,3,5,4,12,2,At risk
15842,394,2,548.8000000000001,2,2,2,6,0,Lost
15843,304,1,118.95,2,1,1,4,0,Lost
15844,47,1,130.73999999999998,4,1,1,6,0,Lost
15845,18,11,4389.2,5,5,5,15,3,Champions
15846,386,1,107.01,2,1,1,4,0,Lost
15847,39,5,822.57,4,4,3,11,1,Promising
15848,622,1,137.99,1,1,1,3,0,Lost
15850,20,6,1006.75,4,4,3,11,1,Promising
15851,527,1,109.73,1,1,1,3,0,Lost
15852,187,3,257.26,3,3,1,7,0,Lost
15853,52,1,110.8,4,1,1,6,0,Lost
15854,5,21,5578.28,5,5,5,15,3,Champions
15855,137,6,1052.72,3,4,3,10,2,At risk
15856,5,52,32114.34,5,5,5,15,3,Champions
15857,19,2,570.48,5,2,2,9,1,Promising
15858,16,13,3526.91,5,5,5,15,3,Champions
15859,433,1,438.46,1,1,2,4,0,Lost
15860,41,17,2358.8,4,5,4,13,3,Champions
15861,13,11,4195.9,5,5,5,15,3,Champions
15862,9,13,2507.14,5,5,4,14,3,Champions
15863,26,5,355.1,4,4,2,10,1,Promising
15864,23,7,2028.12,4,4,4,12,3,Champions
15865,41,5,2241.42,4,4,4,12,2,At risk
15866,102,1,211.89,3,1,1,5,0,Lost
15867,6,31,8823.97,5,5,5,15,3,Champions
15868,584,1,94.53,1,1,1,3,0,Lost
15869,278,3,321.11,2,3,2,7,0,Lost
15870,33,4,857.46,4,4,3,11,1,Promising
15871,438,1,33.099999999999994,1,1,1,3,0,Lost
15872,15,4,729.25,5,4,3,12,1,Promising
15873,500,3,138.24,1,3,1,5,0,Lost
15874,64,21,11268.86,3,5,5,13,3,Champions
15875,647,1,108.52,1,1,1,3,0,Lost
15876,410,2,1449.14,1,2,4,7,2,At risk
15877,2,2,437.83,5,2,2,9,1,Promising
15878,562,2,330.77,1,2,2,5,0,Lost
15879,405,4,1137.8,2,4,3,9,2,At risk
15880,370,1,299.03,2,1,2,5,0,Lost
15881,313,4,438.24,2,4,2,8,2,At risk
15882,199,8,1101.38,2,5,3,10,2,At risk
15883,3,2,396.48,5,2,2,9,1,Promising
15884,433,2,244.6,1,2,1,4,0,Lost
15885,94,13,1726.82,3,5,4,12,2,At risk
15886,61,4,1052.87,3,4,3,10,2,At risk
15887,407,3,1027.15,2,3,3,8,2,At risk
15888,81,3,396.45,3,3,2,8,1,Promising
15889,157,8,1396.6,3,5,4,12,2,At risk
15890,395,5,535.65,2,4,2,8,2,At risk
15891,227,1,509.13,2,1,2,5,0,Lost
15892,670,1,128.2,1,1,1,3,0,Lost
15893,482,1,305.28000000000003,1,1,2,4,0,Lost
15894,254,2,257.6,2,2,1,5,0,Lost
15895,150,1,179.17,3,1,1,5,0,Lost
15897,195,2,208.59,2,2,1,5,0,Lost
15898,2,24,4990.2,5,5,5,15,3,Champions
15899,369,1,56.25,2,1,1,4,0,Lost
15900,24,4,876.67,4,4,3,11,1,Promising
15901,17,6,667.89,5,4,3,12,1,Promising
15902,381,1,145.01,2,1,1,4,0,Lost
15903,10,12,8939.84,5,5,5,15,3,Champions
15904,9,1,164.68,5,1,1,7,1,Promising
15905,544,1,114.69,1,1,1,3,0,Lost
15906,20,10,2474.34,4,5,4,13,3,Champions
15907,4,3,881.87,5,3,3,11,1,Promising
15908,491,2,758.62,1,2,3,6,0,Lost
15909,174,1,191.94,3,1,1,5,0,Lost
15910,1,15,2661.17,5,5,4,14,3,Champions
15911,624,8,1683.79,1,5,4,10,2,At risk
15912,179,9,1074.7,3,5,3,11,2,At risk
15913,535,1,6.300000000000001,1,1,1,3,0,Lost
15914,379,2,205.99,2,2,1,5,0,Lost
15915,402,1,364.24,2,1,2,5,0,Lost
15916,17,13,3127.79,5,5,5,15,3,Champions
15917,248,5,530.17,2,4,2,8,2,At risk
15918,191,3,582.88,2,3,2,7,2,At risk
15919,20,2,525.69,4,2,2,8,1,Promising
15920,155,8,565.19,3,5,2,10,2,At risk
15921,173,4,765.61,3,4,3,10,2,At risk
15922,374,1,369.5,2,1,2,5,0,Lost
15923,373,1,127.08,2,1,1,4,0,Lost
15924,732,1,102.82,1,1,1,3,0,Lost
15925,195,1,207.15,2,1,1,4,0,Lost
15926,543,1,134.44,1,1,1,3,0,Lost
15927,648,1,106.54,1,1,1,3,0,Lost
15928,657,1,293.53,1,1,2,4,0,Lost
15929,645,1,594.0,1,1,2,4,0,Lost
15930,68,1,426.63,3,1,2,6,1,Promising
15931,429,1,239.9,1,1,1,3,0,Lost
15932,5,8,2495.87,5,5,4,14,3,Champions
15933,22,3,1107.46,4,3,3,10,1,Promising
15934,418,2,2190.66,1,2,4,7,2,At risk
15935,240,1,108.04,2,1,1,4,0,Lost
15936,380,2,282.79,2,2,2,6,0,Lost
15937,65,1,145.35000000000002,3,1,1,5,0,Lost
15938,113,9,734.8100000000001,3,5,3,11,2,At risk
15939,90,15,9004.84,3,5,5,13,3,Champions
15940,312,1,35.8,2,1,1,4,0,Lost
15941,638,1,405.0,1,1,2,4,0,Lost
15942,134,1,337.44,3,1,2,6,0,Lost
15943,650,2,271.29,1,2,1,4,0,Lost
15944,277,4,2164.24,2,4,4,10,2,At risk
15945,366,4,646.27,2,4,3,9,2,At risk
15946,503,3,2304.18,1,3,4,8,2,At risk
15947,83,1,1708.24,3,1,4,8,1,Promising
15948,9,3,1509.09,5,3,4,12,1,Promising
15949,17,2,364.72,5,2,2,9,1,Promising
15950,32,10,7067.26,4,5,5,14,3,Champions
15951,9,3,1013.17,5,3,3,11,1,Promising
15952,34,4,781.91,4,4,3,11,1,Promising
15953,16,17,3310.39,5,5,5,15,3,Champions
15954,590,1,187.8,1,1,1,3,0,Lost
15955,25,22,8069.48,4,5,5,14,3,Champions
15956,552,2,617.6,1,2,3,6,0,Lost
15957,32,3,921.25,4,3,3,10,1,Promising
15958,75,4,462.12,3,4,2,9,1,Promising
15959,683,3,542.89,1,3,2,6,0,Lost
15960,375,4,410.95,2,4,2,8,0,Lost
15961,380,1,451.29,2,1,2,5,0,Lost
15962,450,1,289.48,1,1,2,4,0,Lost
15963,20,2,470.76,4,2,2,8,1,Promising
15964,664,1,269.21000000000004,1,1,1,3,0,Lost
15965,18,13,2771.94,5,5,4,14,3,Champions
15966,451,1,411.68,1,1,2,4,0,Lost
15967,24,12,2966.0,4,5,5,14,3,Champions
15968,389,1,401.8,2,1,2,5,0,Lost
15969,3,5,1043.85,5,4,3,12,1,Promising
15970,304,2,1017.32,2,2,3,7,2,At risk
15971,18,18,5897.88,5,5,5,15,3,Champions
15972,457,5,1769.33,1,4,4,9,2,At risk
15973,367,2,468.52,2,2,2,6,0,Lost
15974,40,7,3429.55,4,4,5,13,3,Champions
15975,85,1,371.01,3,1,2,6,0,Lost
15976,166,6,1680.31,3,4,4,11,2,At risk
15977,18,2,1054.73,5,2,3,10,1,Promising
15978,78,3,3279.42,3,3,5,11,2,At risk
15979,603,1,329.22,1,1,2,4,0,Lost
15980,89,7,6513.68,3,4,5,12,2,At risk
15981,25,21,9304.87,4,5,5,14,3,Champions
15982,606,1,324.51,1,1,2,4,0,Lost
15983,23,8,3110.37,4,5,5,14,3,Champions
15984,3,30,8373.97,5,5,5,15,3,Champions
15985,124,7,2610.28,3,4,4,11,2,At risk
15986,31,2,354.42,4,2,2,8,1,Promising
15987,13,8,1535.99,5,5,4,14,3,Champions
15988,20,3,736.39,4,3,3,10,1,Promising
15989,376,2,368.31,2,2,2,6,0,Lost
15990,45,7,1997.75,4,4,4,12,2,At risk
15991,535,1,150.55,1,1,1,3,0,Lost
15992,4,3,896.6,5,3,3,11,1,Promising
15993,9,7,2753.02,5,4,4,13,3,Champions
15994,55,3,1175.68,4,3,3,10,1,Promising
15995,415,1,694.54,1,1,3,5,0,Lost
15996,89,7,1370.5,3,4,4,11,2,At risk
15998,37,16,8202.49,4,5,5,14,3,Champions
15999,736,1,20.4,1,1,1,3,0,Lost
16000,3,3,12393.7,5,3,5,13,3,Champions
16001,382,1,583.39,2,1,2,5,0,Lost
16002,626,1,169.21,1,1,1,3,0,Lost
16003,30,10,5613.83,4,5,5,14,3,Champions
16004,475,5,2146.39,1,4,4,9,2,At risk
16005,13,10,2365.07,5,5,4,14,3,Champions
16006,212,2,332.82,2,2,2,6,0,Lost
16007,48,7,3053.06,4,4,5,13,2,At risk
16008,24,15,5339.13,4,5,5,14,3,Champions
16009,23,4,972.11,4,4,3,11,1,Promising
16010,246,11,1692.91,2,5,4,11,2,At risk
16011,9,29,5599.31,5,5,5,15,3,Champions
16012,36,5,2978.59,4,4,5,13,2,At risk
16013,4,81,53801.79,5,5,5,15,3,Champions
16014,38,5,1100.28,4,4,3,11,1,Promising
16015,4,3,694.36,5,3,3,11,1,Promising
16016,4,11,2074.9,5,5,4,14,3,Champions
16017,48,5,1545.58,4,4,4,12,2,At risk
16018,40,4,698.13,4,4,3,11,1,Promising
16019,47,27,16666.97,4,5,5,14,3,Champions
16020,17,3,851.01,5,3,3,11,1,Promising
16021,396,2,487.03,2,2,2,6,0,Lost
16022,261,1,602.63,2,1,3,6,0,Lost
16023,47,3,719.81,4,3,3,10,1,Promising
16024,13,3,478.71,5,3,2,10,1,Promising
16025,30,1,439.66,4,1,2,7,1,Promising
16026,44,1,236.09,4,1,1,6,1,Promising
16027,92,13,1882.34,3,5,4,12,2,At risk
16028,596,1,82.2,1,1,1,3,0,Lost
16029,39,103,98919.71,4,5,5,14,3,Champions
16030,310,1,331.24,2,1,2,5,0,Lost
16031,93,2,547.9,3,2,2,7,1,Promising
16032,457,6,1965.72,1,4,4,9,2,At risk
16033,6,27,10540.46,5,5,5,15,3,Champions
16034,197,6,911.32,2,4,3,9,2,At risk
16035,561,1,217.73,1,1,1,3,0,Lost
16036,88,4,2556.84,3,4,4,11,2,At risk
16037,270,5,1509.34,2,4,4,10,2,At risk
16038,8,3,471.78,5,3,2,10,1,Promising
16039,424,2,456.4,1,2,2,5,0,Lost
16040,66,7,2390.5,3,4,4,11,2,At risk
16041,31,3,3166.4,4,3,5,12,1,Promising
16042,23,8,2228.32,4,5,4,13,3,Champions
16043,38,8,1856.59,4,5,4,13,2,At risk
16044,436,1,340.84000000000003,1,1,2,4,0,Lost
16045,120,7,3187.03,3,4,5,12,2,At risk
16046,563,1,235.78,1,1,1,3,0,Lost
16048,374,4,818.7900000000001,2,4,3,9,2,At risk
16049,41,6,1852.15,4,4,4,12,2,At risk
16050,174,3,300.7,3,3,2,8,0,Lost
16051,682,1,188.44,1,1,1,3,0,Lost
16052,55,1,362.06,4,1,2,7,1,Promising
16053,33,6,3611.14,4,4,5,13,3,Champions
16054,146,4,2111.88,3,4,4,11,2,At risk
16055,221,1,134.8,2,1,1,4,0,Lost
16056,46,1,650.75,4,1,3,8,1,Promising
16057,17,10,3720.3,5,5,5,15,3,Champions
16058,407,1,62.7,2,1,1,4,0,Lost
16059,66,12,3053.57,3,5,5,13,3,Champions
16060,401,3,541.95,2,3,2,7,0,Lost
16061,432,1,74.9,1,1,1,3,0,Lost
16062,10,8,2863.45,5,5,5,15,3,Champions
16063,261,1,335.32,2,1,2,5,0,Lost
16064,726,1,109.31,1,1,1,3,0,Lost
16065,366,8,1975.13,2,5,4,11,2,At risk
16066,17,5,1521.04,5,4,4,13,1,Promising
16067,563,3,3269.11,1,3,5,9,2,At risk
16068,594,1,115.73,1,1,1,3,0,Lost
16069,418,1,457.7,1,1,2,4,0,Lost
16070,23,2,852.15,4,2,3,9,1,Promising
16071,45,4,1076.8,4,4,3,11,1,Promising
16072,289,4,4180.09,2,4,5,11,2,At risk
16073,298,1,122.4,2,1,1,4,0,Lost
16074,391,1,252.5,2,1,1,4,0,Lost
16075,503,2,736.9300000000001,1,2,3,6,0,Lost
16076,4,10,2173.53,5,5,4,14,3,Champions
16077,626,1,2300.4,1,1,4,6,2,At risk
16078,284,2,362.99,2,2,2,6,0,Lost
16079,17,3,1352.0,5,3,4,12,1,Promising
16080,82,4,517.45,3,4,2,9,2,At risk
16081,57,8,4278.96,4,5,5,14,3,Champions
16082,671,1,106.75,1,1,1,3,0,Lost
16083,101,4,2351.42,3,4,4,11,2,At risk
16084,300,1,436.18,2,1,2,5,0,Lost
16085,24,12,2323.86,4,5,4,13,3,Champions
16086,60,10,2687.73,3,5,4,12,3,Champions
16087,390,5,1739.92,2,4,4,10,2,At risk
16088,576,2,1437.43,1,2,4,7,2,At risk
16089,387,2,263.49,2,2,1,5,0,Lost
16090,625,1,180.56,1,1,1,3,0,Lost
16091,155,2,315.06,3,2,2,7,0,Lost
16092,115,6,1557.94,3,4,4,11,2,At risk
16093,107,1,17.0,3,1,1,5,0,Lost
16094,12,11,3682.81,5,5,5,15,3,Champions
16095,457,1,447.05,1,1,2,4,0,Lost
16096,265,4,1584.97,2,4,4,10,2,At risk
16097,241,1,185.05,2,1,1,4,0,Lost
16098,88,14,4010.7,3,5,5,13,3,Champions
16099,51,7,1573.2,4,4,4,12,2,At risk
16100,463,1,582.64,1,1,2,4,0,Lost
16101,71,4,3184.66,3,4,5,12,2,At risk
16102,43,3,1842.14,4,3,4,11,1,Promising
16103,8,22,6089.16,5,5,5,15,3,Champions
16104,62,9,2740.71,3,5,4,12,2,At risk
16105,249,5,2386.19,2,4,4,10,2,At risk
16106,66,1,108.38,3,1,1,5,0,Lost
16107,18,7,3204.1600000000003,5,4,5,14,3,Champions
16108,85,4,2184.7200000000003,3,4,4,11,2,At risk
16109,219,3,939.48,2,3,3,8,2,At risk
16110,46,4,1781.59,4,4,4,12,2,At risk
16111,429,1,549.33,1,1,2,4,0,Lost
16112,144,4,195.74,3,4,1,8,0,Lost
16113,184,1,161.38,3,1,1,5,0,Lost
16114,171,1,135.75000000000003,3,1,1,5,0,Lost
16115,10,12,2553.8,5,5,4,14,3,Champions
16116,212,1,592.88,2,1,2,5,0,Lost
16117,190,3,654.4,2,3,3,8,2,At risk
16118,653,1,4274.25,1,1,5,7,2,At risk
16119,9,8,1720.81,5,5,4,14,3,Champions
16120,60,6,2967.51,3,4,5,12,2,At risk
16121,58,5,1450.04,4,4,4,12,2,At risk
16122,74,6,895.62,3,4,3,10,2,At risk
16123,52,1,307.78000000000003,4,1,2,7,1,Promising
16124,318,4,1772.49,2,4,4,10,2,At risk
16125,368,14,4292.35,2,5,5,12,2,At risk
16126,30,15,14644.6,4,5,5,14,3,Champions
16127,40,2,801.3100000000001,4,2,3,9,1,Promising
16128,18,11,3801.05,5,5,5,15,3,Champions
16129,408,3,1396.05,2,3,4,9,2,At risk
16130,423,4,987.48,1,4,3,8,2,At risk
16131,52,12,9957.42,4,5,5,14,3,Champions
16132,545,2,664.1999999999999,1,2,3,6,0,Lost
16133,4,56,22538.66,5,5,5,15,3,Champions
16134,22,5,2135.14,4,4,4,12,1,Promising
16135,263,2,819.45,2,2,3,7,2,At risk
16136,60,4,932.88,3,4,3,10,2,At risk
16137,681,1,422.7,1,1,2,4,0,Lost
16138,379,3,910.35,2,3,3,8,2,At risk
16139,19,5,1111.15,5,4,3,12,1,Promising
16140,66,3,1416.46,3,3,4,10,2,At risk
16141,89,2,955.94,3,2,3,8,2,At risk
16142,250,1,535.34,2,1,2,5,0,Lost
16143,4,12,4544.88,5,5,5,15,3,Champions
16144,247,1,175.2,2,1,1,4,0,Lost
16145,9,19,6795.49,5,5,5,15,3,Champions
16146,158,4,946.38,3,4,3,10,2,At risk
16147,134,5,2368.67,3,4,4,11,2,At risk
16148,297,2,386.62,2,2,2,6,0,Lost
16149,5,3,422.22,5,3,2,10,1,Promising
16150,43,10,3962.37,4,5,5,14,3,Champions
16152,269,1,1829.04,2,1,4,7,2,At risk
16153,50,11,5047.09,4,5,5,14,3,Champions
16155,382,5,781.9,2,4,3,9,2,At risk
16156,9,20,5975.18,5,5,5,15,3,Champions
16157,16,3,656.69,5,3,3,11,1,Promising
16158,523,9,611.32,1,5,3,9,2,At risk
16159,282,4,1232.79,2,4,4,10,2,At risk
16160,66,2,1025.44,3,2,3,8,1,Promising
16161,2,43,12386.31,5,5,5,15,3,Champions
16162,253,1,37.4,2,1,1,4,0,Lost
16163,366,5,1918.63,2,4,4,10,2,At risk
16164,18,3,822.48,5,3,3,11,1,Promising
16165,506,1,79.9,1,1,1,3,0,Lost
16166,429,2,408.83,1,2,2,5,0,Lost
16167,415,5,1332.12,1,4,4,9,2,At risk
16168,11,66,10343.67,5,5,5,15,3,Champions
16169,9,4,1822.97,5,4,4,13,1,Promising
16170,51,20,6853.7,4,5,5,14,3,Champions
16171,60,1,73.19999999999999,3,1,1,5,0,Lost
16172,96,8,1884.55,3,5,4,12,2,At risk
16173,16,6,1418.32,5,4,4,13,1,Promising
16174,127,7,2246.75,3,4,4,11,2,At risk
16175,95,7,1836.44,3,4,4,11,2,At risk
16176,422,4,2013.09,1,4,4,9,2,At risk
16177,51,8,2195.56,4,5,4,13,2,At risk
16178,139,2,612.6,3,2,3,8,0,Lost
16179,61,1,215.83,3,1,1,5,0,Lost
16180,101,13,16249.87,3,5,5,13,3,Champions
16181,74,1,305.54,3,1,2,6,0,Lost
16182,73,9,9971.65,3,5,5,13,3,Champions
16183,68,4,1077.81,3,4,3,10,2,At risk
16184,65,6,1158.79,3,4,3,10,2,At risk
16185,17,3,644.72,5,3,3,11,1,Promising
16186,23,26,8703.43,4,5,5,14,3,Champions
16187,32,15,6841.24,4,5,5,14,3,Champions
16188,45,5,1077.71,4,4,3,11,1,Promising
16189,16,2,215.48,5,2,1,8,1,Promising
16190,41,8,2723.55,4,5,4,13,3,Champions
16191,3,22,15269.37,5,5,5,15,3,Champions
16192,736,1,351.3,1,1,2,4,0,Lost
16193,237,2,630.4300000000001,2,2,3,7,0,Lost
16194,376,1,308.6,2,1,2,5,0,Lost
16195,724,1,323.25,1,1,2,4,0,Lost
16196,489,1,93.3,1,1,1,3,0,Lost
16197,470,9,2016.71,1,5,4,10,2,At risk
16198,76,2,1030.04,3,2,3,8,1,Promising
16199,393,7,942.75,2,4,3,9,2,At risk
16200,5,12,5608.1,5,5,5,15,3,Champions
16201,4,5,2086.92,5,4,4,13,1,Promising
16202,361,9,2471.99,2,5,4,11,2,At risk
16203,59,6,943.84,4,4,3,11,2,At risk
16204,24,3,918.71,4,3,3,10,1,Promising
16205,31,7,1813.51,4,4,4,12,2,At risk
16206,55,13,2577.12,4,5,4,13,3,Champions
16207,26,1,394.38,4,1,2,7,1,Promising
16208,45,10,3440.4500000000003,4,5,5,14,3,Champions
16209,89,9,4146.78,3,5,5,13,2,At risk
16210,2,33,33730.97,5,5,5,15,3,Champions
16211,89,3,1090.59,3,3,3,9,2,At risk
16212,20,4,1293.71,4,4,4,12,1,Promising
16213,79,1,159.0,3,1,1,5,0,Lost
16214,171,4,2038.25,3,4,4,11,2,At risk
16215,81,1,242.35,3,1,1,5,0,Lost
16216,268,1,914.93,2,1,3,6,0,Lost
16217,236,2,266.45000000000005,2,2,1,5,0,Lost
16218,30,13,3955.51,4,5,5,14,3,Champions
16219,501,1,40.8,1,1,1,3,0,Lost
16221,37,9,2011.97,4,5,4,13,3,Champions
16222,319,2,1272.05,2,2,4,8,2,At risk
16223,375,2,1087.05,2,2,3,7,2,At risk
16224,58,5,1616.54,4,4,4,12,2,At risk
16225,45,15,2846.56,4,5,4,13,3,Champions
16226,204,5,672.17,2,4,3,9,2,At risk
16227,226,3,982.52,2,3,3,8,2,At risk
16228,386,3,885.71,2,3,3,8,2,At risk
16229,88,6,2867.86,3,4,5,12,2,At risk
16230,190,2,542.03,2,2,2,6,0,Lost
16231,380,4,1074.47,2,4,3,9,2,At risk
16232,44,7,2712.97,4,4,4,12,2,At risk
16233,72,9,1733.01,3,5,4,12,2,At risk
16234,477,3,312.78000000000003,1,3,2,6,0,Lost
16235,41,8,2026.71,4,5,4,13,2,At risk
16236,79,1,432.2,3,1,2,6,0,Lost
16237,438,1,136.65,1,1,1,3,0,Lost
16238,423,1,63.66,1,1,1,3,0,Lost
16239,57,6,1452.6,4,4,4,12,2,At risk
16240,25,2,3718.8,4,2,5,11,1,Promising
16241,10,16,3989.81,5,5,5,15,3,Champions
16242,9,14,7396.25,5,5,5,15,3,Champions
16243,34,2,409.1,4,2,2,8,1,Promising
16244,212,2,1522.75,2,2,4,8,2,At risk
16245,24,3,1361.21,4,3,4,11,1,Promising
16246,460,2,821.35,1,2,3,6,0,Lost
16247,171,1,114.56,3,1,1,5,0,Lost
16248,62,1,152.94,3,1,1,5,0,Lost
16249,53,5,1800.07,4,4,4,12,2,At risk
16250,262,3,565.24,2,3,2,7,2,At risk
16251,513,1,128.31,1,1,1,3,0,Lost
16253,67,7,7222.2,3,4,5,12,3,Champions
16254,379,3,967.44,2,3,3,8,2,At risk
16255,17,15,4495.2,5,5,5,15,3,Champions
16256,267,3,1579.37,2,3,4,9,2,At risk
16257,177,1,21.95,3,1,1,5,0,Lost
16258,46,15,11942.52,4,5,5,14,3,Champions
16259,411,3,340.94,1,3,2,6,0,Lost
16260,51,1,1035.45,4,1,3,8,1,Promising
16261,18,6,1041.16,5,4,3,12,1,Promising
16262,379,1,735.25,2,1,3,6,0,Lost
16263,424,1,348.16,1,1,2,4,0,Lost
16264,439,2,823.53,1,2,3,6,0,Lost
16265,10,12,6657.27,5,5,5,15,3,Champions
16266,74,14,1757.95,3,5,4,12,3,Champions
16267,592,1,186.66,1,1,1,3,0,Lost
16268,72,2,617.65,3,2,3,8,1,Promising
16269,438,1,717.57,1,1,3,5,0,Lost
16270,354,1,1141.24,2,1,3,6,0,Lost
16271,16,8,3367.82,5,5,5,15,3,Champions
16272,117,1,411.7,3,1,2,6,0,Lost
16273,649,2,318.34000000000003,1,2,2,5,0,Lost
16274,374,1,331.55,2,1,2,5,0,Lost
16275,197,3,2151.11,2,3,4,9,2,At risk
16276,177,3,2629.3900000000003,3,3,4,10,2,At risk
16277,734,1,188.69,1,1,1,3,0,Lost
16278,101,3,1066.54,3,3,3,9,2,At risk
16279,22,9,5698.28,4,5,5,14,3,Champions
16280,726,1,238.05,1,1,1,3,0,Lost
16281,73,3,3424.02,3,3,5,11,2,At risk
16282,340,3,1307.5800000000002,2,3,4,9,2,At risk
16283,6,8,4299.72,5,5,5,15,3,Champions
16284,32,3,1018.48,4,3,3,10,1,Promising
16285,647,1,176.9,1,1,1,3,0,Lost
16286,478,2,269.55,1,2,1,4,0,Lost
16287,170,5,1006.98,3,4,3,10,2,At risk
16288,471,1,129.85,1,1,1,3,0,Lost
16289,463,1,136.31,1,1,1,3,0,Lost
16290,465,4,1957.7,1,4,4,9,2,At risk
16292,122,5,1221.11,3,4,4,11,2,At risk
16293,22,15,4279.2,4,5,5,14,3,Champions
16294,477,1,126.05,1,1,1,3,0,Lost
16295,10,4,1328.55,5,4,4,13,1,Promising
16296,627,4,1313.67,1,4,4,9,2,At risk
16297,269,1,281.5,2,1,2,5,0,Lost
16298,23,7,1085.7,4,4,3,11,1,Promising
16299,478,1,178.65,1,1,1,3,0,Lost
16300,431,3,1367.32,1,3,4,8,2,At risk
16301,737,1,107.33,1,1,1,3,0,Lost
16302,127,1,212.82,3,1,1,5,0,Lost
16303,26,7,7888.27,4,4,5,13,3,Champions
16304,695,1,381.66,1,1,2,4,0,Lost
16305,139,1,361.22,3,1,2,6,0,Lost
16306,214,6,1099.82,2,4,3,9,2,At risk
16307,430,3,1194.92,1,3,4,8,2,At risk
16308,38,7,5120.0,4,4,5,13,3,Champions
16309,107,2,706.57,3,2,3,8,2,At risk
16310,415,2,460.08,1,2,2,5,0,Lost
16311,18,2,616.26,5,2,3,10,1,Promising
16312,433,1,171.15,1,1,1,3,0,Lost
16313,4,2,274.15000000000003,5,2,1,8,1,Promising
16314,390,3,1491.4,2,3,4,9,2,At risk
16315,331,2,402.71,2,2,2,6,0,Lost
16316,65,13,5668.36,3,5,5,13,3,Champions
16317,120,5,2192.51,3,4,4,11,2,At risk
16318,36,1,328.15000000000003,4,1,2,7,1,Promising
16319,218,1,404.4,2,1,2,5,0,Lost
16320,173,6,5628.99,3,4,5,12,2,At risk
16321,73,5,461.6,3,4,2,9,1,Promising
16322,2,2,326.75,5,2,2,9,1,Promising
16323,197,2,353.66,2,2,2,6,0,Lost
16324,129,3,408.59,3,3,2,8,0,Lost
16325,47,12,3496.4,4,5,5,14,3,Champions
16326,6,24,4601.25,5,5,5,15,3,Champions
16327,15,16,10119.29,5,5,5,15,3,Champions
16328,564,1,310.83,1,1,2,4,0,Lost
16329,428,4,1664.92,1,4,4,9,2,At risk
16330,18,7,621.63,5,4,3,12,1,Promising
16331,433,6,2037.7,1,4,4,9,2,At risk
16332,29,11,1987.05,4,5,4,13,3,Champions
16333,8,22,26626.8,5,5,5,15,3,Champions
16334,493,1,263.73,1,1,1,3,0,Lost
16335,552,7,2726.52,1,4,4,9,2,At risk
16336,421,4,3517.69,1,4,5,10,2,At risk
16337,37,1,151.05,4,1,1,6,1,Promising
16338,158,1,214.8,3,1,1,5,0,Lost
16339,285,1,94.05,2,1,1,4,0,Lost
16340,108,3,1496.24,3,3,4,10,2,At risk
16341,25,7,3850.79,4,4,5,13,3,Champions
16342,76,4,322.41,3,4,2,9,1,Promising
16343,17,3,614.12,5,3,3,11,1,Promising
16344,159,4,842.42,3,4,3,10,2,At risk
16345,45,2,1178.79,4,2,3,9,1,Promising
16346,386,1,224.51,2,1,1,4,0,Lost
16347,12,11,3442.96,5,5,5,15,3,Champions
16348,33,8,1742.08,4,5,4,13,3,Champions
16349,291,1,53.5,2,1,1,4,0,Lost
16350,22,9,2253.89,4,5,4,13,3,Champions
16351,333,13,3309.63,2,5,5,12,2,At risk
16352,18,2,494.44,5,2,2,9,1,Promising
16353,4,38,9795.46,5,5,5,15,3,Champions
16354,64,5,1119.46,3,4,3,10,2,At risk
16355,376,1,416.35,2,1,2,5,0,Lost
16356,198,6,415.87,2,4,2,8,2,At risk
16357,34,4,868.37,4,4,3,11,1,Promising
16358,2,5,2919.65,5,4,5,14,3,Champions
16359,8,16,2447.75,5,5,4,14,3,Champions
16360,5,6,3372.71,5,4,5,14,3,Champions
16361,10,4,891.21,5,4,3,12,1,Promising
16362,33,6,884.8100000000001,4,4,3,11,1,Promising
16363,54,1,109.36,4,1,1,6,0,Lost
16364,12,2,705.79,5,2,3,10,1,Promising
16365,18,15,3167.34,5,5,5,15,3,Champions
16366,19,4,1548.13,5,4,4,13,1,Promising
16367,38,3,1350.48,4,3,4,11,1,Promising
16368,3,3,621.44,5,3,3,11,1,Promising
16369,19,7,2654.48,5,4,4,13,3,Champions
16370,83,4,1301.91,3,4,4,11,2,At risk
16371,449,1,157.2,1,1,1,3,0,Lost
16372,34,5,1260.31,4,4,4,12,1,Promising
16373,383,2,309.49,2,2,2,6,0,Lost
16374,67,5,1709.55,3,4,4,11,2,At risk
16375,471,2,104.0,1,2,1,4,0,Lost
16376,9,2,974.96,5,2,3,10,1,Promising
16377,268,2,1308.48,2,2,4,8,2,At risk
16378,248,3,362.95,2,3,2,7,0,Lost
16379,5,4,2131.9,5,4,4,13,1,Promising
16380,62,1,1743.15,3,1,4,8,1,Promising
16381,396,2,247.85,2,2,1,5,0,Lost
16382,409,2,353.1,2,2,2,6,0,Lost
16383,75,7,2828.94,3,4,4,11,2,At risk
16384,90,4,1358.95,3,4,4,11,2,At risk
16385,61,5,881.35,3,4,3,10,2,At risk
16386,29,3,1068.16,4,3,3,10,1,Promising
16387,323,5,882.46,2,4,3,9,2,At risk
16388,654,1,186.05,1,1,1,3,0,Lost
16389,54,4,1382.0700000000002,4,4,4,12,2,At risk
16390,537,3,467.5,1,3,2,6,0,Lost
16391,401,4,1048.86,2,4,3,9,2,At risk
16392,270,3,755.45,2,3,3,8,2,At risk
16393,3,23,5252.29,5,5,5,15,3,Champions
16394,57,5,1530.14,4,4,4,12,2,At risk
16395,61,14,3490.66,3,5,5,13,3,Champions
16396,477,1,130.0,1,1,1,3,0,Lost
16397,629,1,123.13,1,1,1,3,0,Lost
16398,155,2,1645.95,3,2,4,9,2,At risk
16399,20,3,628.42,4,3,3,10,1,Promising
16400,95,9,3059.85,3,5,5,13,2,At risk
16401,2,22,6673.22,5,5,5,15,3,Champions
16402,265,2,293.45,2,2,2,6,0,Lost
16403,313,1,177.5,2,1,1,4,0,Lost
16404,71,1,443.05,3,1,2,6,0,Lost
16405,303,2,167.25,2,2,1,5,0,Lost
16406,19,3,528.36,5,3,2,10,1,Promising
16407,13,14,2761.65,5,5,4,14,3,Champions
16408,592,1,231.93,1,1,1,3,0,Lost
16409,37,12,5652.74,4,5,5,14,3,Champions
16410,735,1,130.32,1,1,1,3,0,Lost
16411,20,4,756.39,4,4,3,11,1,Promising
16412,54,5,593.19,4,4,2,10,1,Promising
16413,57,2,522.03,4,2,2,8,1,Promising
16414,22,5,551.21,4,4,2,10,1,Promising
16415,45,3,696.76,4,3,3,10,1,Promising
16416,27,9,2937.88,4,5,5,14,3,Champions
16417,493,1,35.7,1,1,1,3,0,Lost
16418,45,5,1028.74,4,4,3,11,1,Promising
16419,113,8,1463.7,3,5,4,12,2,At risk
16420,397,1,75.0,2,1,1,4,0,Lost
16421,377,3,526.27,2,3,2,7,0,Lost
16422,18,106,61214.42,5,5,5,15,3,Champions
16423,25,1,346.12,4,1,2,7,1,Promising
16424,192,2,392.06,2,2,2,6,0,Lost
16425,303,1,302.7,2,1,2,5,0,Lost
16426,3,10,1863.76,5,5,4,14,3,Champions
16427,264,2,241.06,2,2,1,5,0,Lost
16428,414,3,638.49,1,3,3,7,2,At risk
16429,107,1,284.55,3,1,2,6,0,Lost
16430,58,6,1102.94,4,4,3,11,2,At risk
16431,214,3,623.28,2,3,3,8,2,At risk
16432,65,1,287.40000000000003,3,1,2,6,0,Lost
16433,29,2,384.52,4,2,2,8,1,Promising
16434,30,12,2673.69,4,5,4,13,3,Champions
16435,513,3,1003.07,1,3,3,7,2,At risk
16436,669,3,319.14,1,3,2,6,0,Lost
16437,382,2,301.25,2,2,2,6,0,Lost
16438,6,5,798.35,5,4,3,12,1,Promising
16439,723,1,310.70000000000005,1,1,2,4,0,Lost
16440,8,6,3856.97,5,4,5,14,3,Champions
16441,68,5,1013.18,3,4,3,10,2,At risk
16442,2,5,891.98,5,4,3,12,1,Promising
16443,521,1,162.24,1,1,1,3,0,Lost
16444,47,17,3567.58,4,5,5,14,3,Champions
16445,34,4,583.16,4,4,2,10,1,Promising
16446,206,1,2.9,2,1,1,4,0,Lost
16447,136,3,727.1,3,3,3,9,2,At risk
16448,199,2,361.12,2,2,2,6,0,Lost
16449,198,2,687.79,2,2,3,7,0,Lost
16450,150,3,1505.73,3,3,4,10,2,At risk
16451,88,3,1013.15,3,3,3,9,2,At risk
16452,631,2,332.17,1,2,2,5,0,Lost
16453,531,2,251.71,1,2,1,4,0,Lost
16454,65,2,7.45,3,2,1,6,0,Lost
16455,64,11,3932.87,3,5,5,13,3,Champions
16456,100,13,6000.94,3,5,5,13,3,Champions
16457,219,1,208.36,2,1,1,4,0,Lost
16458,3,30,5690.89,5,5,5,15,3,Champions
16459,730,1,71.78999999999999,1,1,1,3,0,Lost
16460,29,3,811.23,4,3,3,10,1,Promising
16461,178,3,1539.83,3,3,4,10,2,At risk
16462,74,2,102.0,3,2,1,6,0,Lost
16463,22,4,1402.4,4,4,4,12,1,Promising
16464,20,3,1298.66,4,3,4,11,1,Promising
16465,421,2,746.24,1,2,3,6,0,Lost
16466,34,15,3642.09,4,5,5,14,3,Champions
16467,509,7,2869.16,1,4,5,10,2,At risk
16468,75,3,787.52,3,3,3,9,1,Promising
16469,24,5,803.9,4,4,3,11,1,Promising
16470,52,11,2416.85,4,5,4,13,3,Champions
16471,275,4,1189.98,2,4,3,9,2,At risk
16472,435,2,789.6,1,2,3,6,0,Lost
16473,165,4,470.83,3,4,2,9,2,At risk
16474,8,7,1800.94,5,4,4,13,3,Champions
16475,89,4,544.3,3,4,2,9,2,At risk
16476,432,1,350.35,1,1,2,4,0,Lost
16477,64,11,4094.37,3,5,5,13,3,Champions
16478,26,3,331.0,4,3,2,9,1,Promising
16479,11,2,300.83,5,2,2,9,1,Promising
16480,76,1,769.29,3,1,3,7,1,Promising
16481,683,1,440.88,1,1,2,4,0,Lost
16482,16,1,220.62,5,1,1,7,1,Promising
16483,193,1,139.35,2,1,1,4,0,Lost
16484,174,2,379.4,3,2,2,7,0,Lost
16485,78,5,2248.49,3,4,4,11,2,At risk
16486,538,1,134.36,1,1,1,3,0,Lost
16487,578,2,209.4,1,2,1,4,0,Lost
16488,34,3,498.8,4,3,2,9,1,Promising
16489,381,2,303.7,2,2,2,6,0,Lost
16490,437,1,190.41000000000005,1,1,1,3,0,Lost
16491,47,2,1533.16,4,2,4,10,1,Promising
16492,541,1,385.56,1,1,2,4,0,Lost
16493,80,7,2132.09,3,4,4,11,2,At risk
16494,297,1,826.53,2,1,3,6,0,Lost
16495,4,3,648.26,5,3,3,11,1,Promising
16496,9,6,2293.4700000000003,5,4,4,13,3,Champions
16497,50,23,6695.28,4,5,5,14,3,Champions
16498,162,2,100.97,3,2,1,6,0,Lost
16499,361,8,2537.99,2,5,4,11,2,At risk
16500,5,9,843.9100000000001,5,5,3,13,1,Promising
16501,384,1,1191.23,2,1,3,6,0,Lost
16502,621,2,258.55,1,2,1,4,0,Lost
16503,107,11,3614.34,3,5,5,13,2,At risk
16504,26,1,465.88,4,1,2,7,1,Promising
16505,32,1,777.6,4,1,3,8,1,Promising
16506,20,2,90.3,4,2,1,7,1,Promising
16507,573,1,142.71,1,1,1,3,0,Lost
16508,631,1,240.95,1,1,1,3,0,Lost
16509,297,1,363.7000000000001,2,1,2,5,0,Lost
16510,373,6,1757.25,2,4,4,10,2,At risk
16511,22,6,1758.49,4,4,4,12,1,Promising
16513,5,4,874.59,5,4,3,12,1,Promising
16515,53,10,3179.06,4,5,5,14,3,Champions
16516,31,1,101.7,4,1,1,6,1,Promising
16517,278,1,162.70000000000002,2,1,1,4,0,Lost
16518,62,4,941.67,3,4,3,10,2,At risk
16519,26,4,436.96,4,4,2,10,1,Promising
16520,187,6,2138.43,3,4,4,11,2,At risk
16521,416,3,1136.36,1,3,3,7,2,At risk
16522,436,2,433.36,1,2,2,5,0,Lost
16523,2,28,11874.73,5,5,5,15,3,Champions
16524,447,2,306.19,1,2,2,5,0,Lost
16525,3,46,23009.47,5,5,5,15,3,Champions
16526,172,2,717.21,3,2,3,8,2,At risk
16527,82,2,1232.94,3,2,4,9,2,At risk
16528,4,1,244.41,5,1,1,7,1,Promising
16529,191,4,1986.8,2,4,4,10,2,At risk
16530,669,1,48.35,1,1,1,3,0,Lost
16531,23,11,2263.58,4,5,4,13,3,Champions
16532,18,5,8756.64,5,4,5,14,3,Champions
16533,20,3,1080.31,4,3,3,10,1,Promising
16534,643,1,635.9,1,1,3,5,0,Lost
16535,6,2,952.04,5,2,3,10,1,Promising
16536,111,1,548.12,3,1,2,6,0,Lost
16537,642,1,10.55,1,1,1,3,0,Lost
16538,542,3,395.07,1,3,2,6,0,Lost
16539,3,10,3289.66,5,5,5,15,3,Champions
16540,415,1,205.75,1,1,1,3,0,Lost
16541,736,1,424.03,1,1,2,4,0,Lost
16542,54,2,257.32,4,2,1,7,1,Promising
16543,592,1,282.01,1,1,2,4,0,Lost
16544,520,3,205.1,1,3,1,5,0,Lost
16545,165,2,689.8199999999999,3,2,3,8,0,Lost
16546,291,5,4857.79,2,4,5,11,2,At risk
16547,547,1,104.26,1,1,1,3,0,Lost
16548,600,1,30.15,1,1,1,3,0,Lost
16549,11,34,12774.9,5,5,5,15,3,Champions
16550,109,18,8666.83,3,5,5,13,3,Champions
16551,96,7,2237.12,3,4,4,11,2,At risk
16552,243,2,379.73,2,2,2,6,0,Lost
16553,164,33,16511.51,3,5,5,13,3,Champions
16554,43,8,2623.02,4,5,4,13,3,Champions
16555,36,3,307.39,4,3,2,9,1,Promising
16556,67,17,7700.58,3,5,5,13,3,Champions
16557,25,2,281.85,4,2,2,8,1,Promising
16558,1,38,13258.61,5,5,5,15,3,Champions
16559,398,1,175.0,2,1,1,4,0,Lost
16560,27,8,3010.73,4,5,5,14,3,Champions
16561,6,2,511.12,5,2,2,9,1,Promising
16562,477,1,223.86,1,1,1,3,0,Lost
16563,54,6,4402.36,4,4,5,13,2,At risk
16564,570,1,87.80000000000001,1,1,1,3,0,Lost
16565,365,4,700.45,2,4,3,9,2,At risk
16566,16,5,614.66,5,4,3,12,1,Promising
16567,195,2,865.6,2,2,3,7,2,At risk
16568,428,2,1020.9,1,2,3,6,2,At risk
16569,4,5,1455.23,5,4,4,13,1,Promising
16570,16,20,7099.71,5,5,5,15,3,Champions
16571,27,10,4129.95,4,5,5,14,3,Champions
16572,128,3,1009.6,3,3,3,9,2,At risk
16573,85,2,663.61,3,2,3,8,1,Promising
16574,72,3,1301.78,3,3,4,10,2,At risk
16576,421,2,540.87,1,2,2,5,0,Lost
16577,667,1,380.0,1,1,2,4,0,Lost
16578,627,1,156.6,1,1,1,3,0,Lost
16579,426,1,264.45,1,1,1,3,0,Lost
16581,183,1,70.44,3,1,1,5,0,Lost
16582,114,1,313.62,3,1,2,6,0,Lost
16583,374,2,297.95,2,2,2,6,0,Lost
16584,81,5,3147.32,3,4,5,12,2,At risk
16585,594,2,341.59000000000003,1,2,2,5,0,Lost
16586,249,3,1462.78,2,3,4,9,2,At risk
16587,233,1,225.15,2,1,1,4,0,Lost
16588,387,4,1361.28,2,4,4,10,2,At risk
16589,72,4,612.36,3,4,3,10,1,Promising
16590,401,2,572.0,2,2,2,6,0,Lost
16591,69,1,213.5,3,1,1,5,0,Lost
16592,5,28,7676.31,5,5,5,15,3,Champions
16593,51,8,1071.14,4,5,3,12,2,At risk
16594,76,1,181.09,3,1,1,5,0,Lost
16595,62,5,1757.75,3,4,4,11,2,At risk
16596,16,4,458.98,5,4,2,11,1,Promising
16597,5,1,90.04,5,1,1,7,1,Promising
16598,286,1,145.05,2,1,1,4,0,Lost
16599,386,1,172.8,2,1,1,4,0,Lost
16600,5,13,2136.61,5,5,4,14,3,Champions
16601,41,3,675.83,4,3,3,10,1,Promising
16602,37,2,748.33,4,2,3,9,1,Promising
16603,75,2,482.47,3,2,2,7,1,Promising
16604,563,2,326.25,1,2,2,5,0,Lost
16605,725,1,60.48,1,1,1,3,0,Lost
16606,405,2,357.66,2,2,2,6,0,Lost
16607,18,24,5397.83,5,5,5,15,3,Champions
16608,454,2,1286.62,1,2,4,7,2,At risk
16609,16,7,5463.76,5,4,5,14,3,Champions
16610,220,1,75.66,2,1,1,4,0,Lost
16611,187,6,1785.13,3,4,4,11,2,At risk
16612,33,9,3245.4300000000003,4,5,5,14,3,Champions
16613,71,1,618.59,3,1,3,7,1,Promising
16614,183,3,1179.79,3,3,3,9,2,At risk
16615,627,1,264.5,1,1,1,3,0,Lost
16616,16,2,500.42,5,2,2,9,1,Promising
16617,236,1,151.85,2,1,1,4,0,Lost
16618,32,4,2630.64,4,4,4,12,1,Promising
16619,264,4,1938.33,2,4,4,10,2,At risk
16620,4,6,1758.93,5,4,4,13,1,Promising
16621,52,4,813.48,4,4,3,11,1,Promising
16622,544,1,225.4,1,1,1,3,0,Lost
16623,246,4,1002.49,2,4,3,9,2,At risk
16624,81,2,810.57,3,2,3,8,1,Promising
16625,275,5,1654.03,2,4,4,10,2,At risk
16626,1,17,4413.1,5,5,5,15,3,Champions
16627,80,1,322.8,3,1,2,6,0,Lost
16628,30,7,2318.1,4,4,4,12,3,Champions
16629,74,2,408.63,3,2,2,7,1,Promising
16630,408,1,106.8,2,1,1,4,0,Lost
16631,482,7,1867.02,1,4,4,9,2,At risk
16632,486,2,406.4,1,2,2,5,0,Lost
16633,18,6,2883.1,5,4,5,14,3,Champions
16634,223,5,1208.05,2,4,4,10,2,At risk
16635,407,1,473.0,2,1,2,5,0,Lost
16636,439,4,3802.04,1,4,5,10,2,At risk
16637,33,4,1124.59,4,4,3,11,1,Promising
16638,23,15,2380.13,4,5,4,13,3,Champions
16639,32,4,1660.68,4,4,4,12,1,Promising
16640,398,1,179.4,2,1,1,4,0,Lost
16641,106,2,554.5,3,2,2,7,0,Lost
16642,5,3,1077.45,5,3,3,11,1,Promising
16643,246,2,923.11,2,2,3,7,2,At risk
16644,178,2,833.78,3,2,3,8,2,At risk
16645,736,1,160.39,1,1,1,3,0,Lost
16646,450,1,678.8,1,1,3,5,0,Lost
16647,170,4,541.9,3,4,2,9,2,At risk
16648,43,3,672.8,4,3,3,10,1,Promising
16649,521,1,306.58,1,1,2,4,0,Lost
16650,72,7,1916.11,3,4,4,11,2,At risk
16651,587,1,136.2,1,1,1,3,0,Lost
16652,59,15,17427.69,3,5,5,13,3,Champions
16653,17,2,1197.81,5,2,4,11,1,Promising
16654,142,8,1484.07,3,5,4,12,2,At risk
16655,18,13,6423.26,5,5,5,15,3,Champions
16656,23,29,16707.920000000002,4,5,5,14,3,Champions
16657,10,4,874.43,5,4,3,12,1,Promising
16658,369,5,596.03,2,4,2,8,2,At risk
16659,190,1,39.12,2,1,1,4,0,Lost
16660,17,6,1422.35,5,4,4,13,1,Promising
16661,541,4,796.21,1,4,3,8,2,At risk
16662,395,1,151.05,2,1,1,4,0,Lost
16663,730,1,165.0,1,1,1,3,0,Lost
16664,570,1,109.2,1,2,1,4,0,Lost
16665,363,1,135.4,2,2,1,5,0,Lost
16666,20,2,217.71,4,2,1,7,1,Promising
16667,69,2,567.1800000000001,3,2,2,7,1,Promising
16668,16,13,862.42,5,5,3,13,3,Champions
16669,24,2,1344.48,4,2,4,10,1,Promising
16670,17,20,7915.05,5,5,5,15,3,Champions
16671,29,3,1692.27,4,3,4,11,1,Promising
16672,3,20,8134.94,5,5,5,15,3,Champions
16673,680,1,171.13,1,2,1,4,0,Lost
16674,55,2,304.24,4,2,2,8,1,Promising
16675,442,2,608.86,1,2,3,6,0,Lost
16676,34,6,2344.9,4,4,4,12,2,At risk
16677,412,2,880.62,1,2,3,6,0,Lost
16678,3,12,3070.99,5,5,5,15,3,Champions
16679,367,3,663.31,2,3,3,8,2,At risk
16680,44,3,821.45,4,3,3,10,1,Promising
16681,73,7,1921.84,3,4,4,11,2,At risk
16682,5,5,1028.0,5,4,3,12,1,Promising
16683,534,1,320.25,1,2,2,5,0,Lost
16684,5,53,141955.55,5,5,5,15,3,Champions
16685,62,2,324.24,3,2,2,7,1,Promising
16686,48,16,4861.72,4,5,5,14,3,Champions
16687,391,1,157.63,2,2,1,5,0,Lost
16688,2,4,1260.86,5,4,4,13,1,Promising
16689,76,2,355.1,3,2,2,7,1,Promising
16690,73,4,336.08,3,4,2,9,1,Promising
16691,419,2,178.83,1,2,1,4,0,Lost
16692,257,4,1764.6999999999998,2,4,4,10,2,At risk
16693,69,5,1179.48,3,4,3,10,2,At risk
16694,724,1,98.3,1,2,1,4,0,Lost
16695,562,2,191.9,1,2,1,4,0,Lost
16696,136,4,657.9,3,4,3,10,2,At risk
16697,242,1,112.75,2,2,1,5,0,Lost
16698,227,2,1998.0,2,2,4,8,2,At risk
16699,381,7,964.9,2,4,3,9,2,At risk
16700,9,25,8767.32,5,5,5,15,3,Champions
16701,9,26,9827.57,5,5,5,15,3,Champions
16702,416,4,1109.53,1,4,3,8,2,At risk
16704,619,2,664.16,1,2,3,6,0,Lost
16705,1,42,43010.95,5,5,5,15,3,Champions
16706,38,3,531.35,4,3,2,9,1,Promising
16707,401,4,533.41,2,4,2,8,2,At risk
16708,46,1,656.63,4,2,3,9,1,Promising
16709,85,14,9056.01,3,5,5,13,3,Champions
16710,20,22,5908.6,4,5,5,14,3,Champions
16711,4,9,2868.48,5,5,5,15,3,Champions
16712,10,13,4225.22,5,5,5,15,3,Champions
16713,19,32,13970.66,5,5,5,15,3,Champions
16714,318,3,1217.33,2,3,4,9,2,At risk
16715,79,2,625.52,3,2,3,8,1,Promising
16716,267,3,2149.6800000000003,2,3,4,9,2,At risk
16717,24,13,6113.31,4,5,5,14,3,Champions
16718,370,5,3006.08,2,4,5,11,2,At risk
16719,15,14,3492.12,5,5,5,15,3,Champions
16720,27,3,556.6899999999999,4,3,2,9,1,Promising
16721,263,1,292.47,2,2,2,6,0,Lost
16722,18,22,8189.56,5,5,5,15,3,Champions
16723,92,4,1231.36,3,4,4,11,2,At risk
16724,405,1,147.35,2,2,1,5,0,Lost
16725,303,13,1675.41,2,5,4,11,2,At risk
16726,27,7,2063.88,4,4,4,12,3,Champions
16727,365,4,1377.77,2,4,4,10,2,At risk
16728,47,4,1048.28,4,4,3,11,1,Promising
16729,39,21,7191.56,4,5,5,14,3,Champions
16730,53,3,702.79,4,3,3,10,1,Promising
16731,649,1,170.3,1,2,1,4,0,Lost
16732,32,4,4334.54,4,4,5,13,2,At risk
16733,530,1,259.68,1,2,1,4,0,Lost
16734,53,3,646.76,4,3,3,10,1,Promising
16735,79,13,5744.16,3,5,5,13,3,Champions
16736,506,5,2941.26,1,4,5,10,2,At risk
16737,54,2,835.2,4,2,3,9,1,Promising
16738,298,1,3.75,2,2,1,5,0,Lost
16739,177,2,786.4300000000001,3,2,3,8,2,At risk
16740,396,1,226.91,2,2,1,5,0,Lost
16741,626,1,173.06,1,2,1,4,0,Lost
16742,493,13,2334.9700000000003,1,5,4,10,2,At risk
16743,30,14,4182.15,4,5,5,14,3,Champions
16744,12,7,1291.91,5,4,4,13,1,Promising
16745,87,17,7180.7,3,5,5,13,3,Champions
16746,5,42,18045.05,5,5,5,15,3,Champions
16747,38,2,836.0600000000001,4,2,3,9,1,Promising
16748,18,14,3637.33,5,5,5,15,3,Champions
16749,592,2,4157.88,1,2,5,8,2,At risk
16750,45,5,623.93,4,4,3,11,1,Promising
16751,31,1,1764.72,4,2,4,10,1,Promising
16752,373,1,207.5,2,2,1,5,0,Lost
16753,59,1,223.92,3,2,1,6,0,Lost
16754,373,27,55243.59,2,5,5,12,3,Champions
16755,115,7,2858.83,3,4,4,11,2,At risk
16756,215,7,1312.37,2,4,4,10,2,At risk
16757,319,2,270.48,2,2,1,5,0,Lost
16758,66,1,369.34,3,2,2,7,0,Lost
16759,8,3,789.79,5,3,3,11,1,Promising
16760,431,1,228.0,1,2,1,4,0,Lost
16761,97,1,316.62,3,2,2,7,0,Lost
16762,20,3,1207.24,4,3,4,11,1,Promising
16763,199,2,947.75,2,2,3,7,2,At risk
16764,4,13,2768.27,5,5,4,14,3,Champions
16765,295,2,454.75,2,2,2,6,0,Lost
16766,274,2,1145.6,2,2,3,7,2,At risk
16767,31,15,7950.41,4,5,5,14,3,Champions
16768,48,9,1649.32,4,5,4,13,2,At risk
16769,261,4,1117.05,2,4,3,9,2,At risk
16770,58,9,1753.73,4,5,4,13,2,At risk
16771,34,10,3921.1,4,5,5,14,3,Champions
16772,424,3,2773.6,1,3,4,8,2,At risk
16773,58,3,421.24,4,3,2,9,1,Promising
16774,68,8,1567.48,3,5,4,12,2,At risk
16775,11,16,2739.24,5,5,4,14,3,Champions
16776,61,2,592.51,3,2,2,7,1,Promising
16777,81,5,1261.43,3,4,4,11,2,At risk
16778,75,2,245.94,3,2,1,6,0,Lost
16779,3,53,32705.95,5,5,5,15,3,Champions
16780,101,3,596.4,3,3,3,9,2,At risk
16781,373,2,608.0500000000001,2,2,3,7,0,Lost
16782,11,38,9567.37,5,5,5,15,3,Champions
16783,437,1,391.95,1,2,2,5,0,Lost
16784,20,5,892.33,4,4,3,11,1,Promising
16785,410,1,533.78,1,2,2,5,0,Lost
16786,394,1,51.84,2,2,1,5,0,Lost
16787,398,4,1017.53,2,4,3,9,2,At risk
16788,124,5,1927.28,3,4,4,11,2,At risk
16789,9,1,80.80000000000001,5,2,1,8,1,Promising
16790,4,6,1545.62,5,4,4,13,1,Promising
16791,30,15,3902.38,4,5,5,14,3,Champions
16792,283,5,623.46,2,4,3,9,2,At risk
16793,58,1,243.84,4,2,1,7,0,Lost
16794,2,15,2037.98,5,5,4,14,3,Champions
16795,366,3,2051.91,2,3,4,9,2,At risk
16796,90,1,305.62,3,2,2,7,0,Lost
16797,394,5,1793.52,2,4,4,10,2,At risk
16798,555,3,841.16,1,3,3,7,2,At risk
16799,433,2,452.78,1,3,2,6,0,Lost
16800,12,1,1162.65,5,2,3,10,1,Promising
16801,164,3,842.3299999999999,3,3,3,9,2,At risk
16802,680,2,582.61,1,3,2,6,0,Lost
16803,66,1,332.3,3,2,2,7,0,Lost
16804,24,3,536.99,4,3,2,9,1,Promising
16805,174,4,1076.34,3,4,3,10,2,At risk
16806,104,4,736.21,3,4,3,10,2,At risk
16807,143,6,2123.88,3,4,4,11,2,At risk
16808,100,2,288.42,3,3,2,8,0,Lost
16809,24,9,1727.43,4,5,4,13,3,Champions
16810,193,2,808.14,2,3,3,8,2,At risk
16811,5,2,547.07,5,3,2,10,1,Promising
16812,361,4,2216.8,2,4,4,10,2,At risk
16813,9,10,1652.18,5,5,4,14,3,Champions
16814,15,36,11914.95,5,5,5,15,3,Champions
16815,454,2,406.02,1,3,2,6,0,Lost
16816,104,4,417.06,3,4,2,9,2,At risk
16817,3,13,2438.9,5,5,4,14,3,Champions
16818,11,11,3349.57,5,5,5,15,3,Champions
16819,466,2,182.59,1,3,1,5,0,Lost
16820,96,1,497.61,3,2,2,7,0,Lost
16821,382,1,113.35,2,2,1,5,0,Lost
16822,687,1,157.59,1,2,1,4,0,Lost
16823,228,7,2243.09,2,4,4,10,2,At risk
16824,16,3,686.24,5,3,3,11,1,Promising
16825,39,5,1826.89,4,4,4,12,2,At risk
16826,52,1,341.7,4,2,2,8,1,Promising
16827,394,5,387.18,2,4,2,8,2,At risk
16828,113,1,113.5,3,2,1,6,0,Lost
16829,157,2,513.32,3,3,2,8,0,Lost
16830,39,4,1207.5,4,4,4,12,1,Promising
16831,565,1,91.8,1,2,1,4,0,Lost
16832,185,5,417.61,3,4,2,9,2,At risk
16833,2,6,2409.04,5,4,4,13,3,Champions
16834,228,2,898.96,2,3,3,8,2,At risk
16835,129,6,1393.66,3,4,4,11,2,At risk
16836,40,4,782.37,4,4,3,11,1,Promising
16837,32,11,3170.98,4,5,5,14,3,Champions
16838,198,4,1159.61,2,4,3,9,2,At risk
16839,9,44,21556.54,5,5,5,15,3,Champions
16840,604,2,139.85,1,3,1,5,0,Lost
16841,37,12,3826.71,4,5,5,14,3,Champions
16842,101,3,1264.19,3,3,4,10,2,At risk
16843,43,34,19548.03,4,5,5,14,3,Champions
16844,563,2,614.34,1,3,3,7,0,Lost
16845,619,1,253.88,1,2,1,4,0,Lost
16846,51,3,842.41,4,3,3,10,1,Promising
16847,44,2,614.89,4,3,3,10,1,Promising
16848,53,4,1411.62,4,4,4,12,2,At risk
16849,187,1,124.57,2,2,1,5,0,Lost
16850,334,1,332.41,2,2,2,6,0,Lost
16851,5,3,342.45,5,3,2,10,1,Promising
16852,11,2,144.91,5,3,1,9,1,Promising
16854,418,2,1408.96,1,3,4,8,2,At risk
16855,24,2,328.40000000000003,4,3,2,9,1,Promising
16856,15,3,358.49,5,3,2,10,1,Promising
16857,443,1,352.8,1,2,2,5,0,Lost
16858,369,10,4265.59,2,5,5,12,2,At risk
16859,145,7,1794.88,3,4,4,11,2,At risk
16860,453,3,1610.62,1,3,4,8,2,At risk
16861,60,5,928.89,3,4,3,10,2,At risk
16862,548,4,662.33,1,4,3,8,2,At risk
16863,32,3,834.27,4,3,3,10,1,Promising
16864,435,2,409.25,1,3,2,6,0,Lost
16865,402,1,130.95,2,2,1,5,0,Lost
16866,141,3,207.74,3,3,1,7,0,Lost
16867,690,1,76.74000000000001,1,2,1,4,0,Lost
16868,395,3,384.56,2,3,2,7,0,Lost
16869,23,4,817.12,4,4,3,11,1,Promising
16870,470,1,450.16,1,2,2,5,0,Lost
16871,23,6,2778.44,4,4,4,12,3,Champions
16872,78,6,1213.13,3,4,4,11,2,At risk
16873,5,12,14617.39,5,5,5,15,3,Champions
16874,380,1,209.89,2,2,1,5,0,Lost
16875,68,11,4144.7,3,5,5,13,3,Champions
16876,404,1,136.01,2,2,1,5,0,Lost
16877,13,6,846.62,5,4,3,12,1,Promising
16880,31,8,1813.21,4,5,4,13,3,Champions
16881,67,1,432.0,3,2,2,7,1,Promising
16882,67,3,705.12,3,3,3,9,1,Promising
16883,188,19,2236.11,2,5,4,11,2,At risk
16884,38,4,1070.97,4,4,3,11,1,Promising
16885,16,4,683.35,5,4,3,12,1,Promising
16887,36,3,658.17,4,3,3,10,1,Promising
16888,401,3,434.2,2,3,2,7,0,Lost
16889,195,6,2526.65,2,4,4,10,2,At risk
16890,477,3,277.91,1,3,1,5,0,Lost
16891,2,11,1727.94,5,5,4,14,3,Champions
16892,2,7,754.75,5,4,3,12,1,Promising
16893,367,2,249.47,2,3,1,6,0,Lost
16894,503,3,1265.26,1,3,4,8,2,At risk
16895,65,5,1102.9,3,4,3,10,2,At risk
16896,556,1,103.95,1,2,1,4,0,Lost
16897,314,1,213.03,2,2,1,5,0,Lost
16898,27,5,885.21,4,4,3,11,1,Promising
16899,8,8,1695.77,5,5,4,14,3,Champions
16900,17,3,882.16,5,3,3,11,1,Promising
16901,730,1,204.26,1,2,1,4,0,Lost
16902,117,1,1706.88,3,2,4,9,2,At risk
16903,30,3,1021.35,4,3,3,10,1,Promising
16904,5,20,4656.56,5,5,5,15,3,Champions
16905,6,17,4683.57,5,5,5,15,3,Champions
16906,82,7,1410.07,3,4,4,11,2,At risk
16907,30,9,1470.89,4,5,4,13,3,Champions
16908,723,1,252.59,1,2,1,4,0,Lost
16909,73,1,364.14,3,2,2,7,0,Lost
16910,5,8,1508.96,5,5,4,14,3,Champions
16911,636,2,251.35,1,3,1,5,0,Lost
16912,29,15,4437.11,4,5,5,14,3,Champions
16913,291,3,423.91,2,3,2,7,0,Lost
16914,37,1,183.76,4,2,1,7,1,Promising
16915,10,11,1543.18,5,5,4,14,3,Champions
16916,24,4,896.12,4,4,3,11,1,Promising
16917,277,2,1851.88,2,3,4,9,2,At risk
16918,50,16,3166.14,4,5,5,14,3,Champions
16919,157,24,4853.46,3,5,5,13,3,Champions
16920,412,1,355.45,1,2,2,5,0,Lost
16921,62,3,409.21,3,3,2,8,1,Promising
16922,573,1,611.08,1,2,3,6,0,Lost
16923,13,31,12763.83,5,5,5,15,3,Champions
16924,22,3,763.89,4,3,3,10,1,Promising
16925,541,1,125.65,1,2,1,4,0,Lost
16926,372,5,1169.61,2,4,3,9,2,At risk
16927,116,3,543.05,3,3,2,8,2,At risk
16928,81,26,3763.23,3,5,5,13,3,Champions
16929,4,7,1295.39,5,4,4,13,1,Promising
16930,27,3,378.89,4,3,2,9,1,Promising
16931,6,23,5032.22,5,5,5,15,3,Champions
16932,54,3,412.55,4,3,2,9,1,Promising
16933,2,9,3069.95,5,5,5,15,3,Champions
16934,55,6,2062.89,4,4,4,12,2,At risk
16935,382,3,530.86,2,3,2,7,0,Lost
16936,26,2,548.29,4,3,2,9,1,Promising
16937,500,1,196.25,1,2,1,4,0,Lost
16938,9,9,6162.11,5,5,5,15,3,Champions
16939,489,3,433.85,1,3,2,6,0,Lost
16940,53,8,6374.56,4,5,5,14,3,Champions
16941,612,1,33.0,1,2,1,4,0,Lost
16942,13,9,1878.51,5,5,4,14,3,Champions
16943,212,3,816.73,2,3,3,8,2,At risk
16944,610,1,101.36,1,2,1,4,0,Lost
16945,22,33,8533.16,4,5,5,14,3,Champions
16946,384,5,1199.54,2,4,4,10,2,At risk
16947,236,3,923.31,2,3,3,8,2,At risk
16948,139,7,868.77,3,4,3,10,2,At risk
16949,4,6,1286.27,5,4,4,13,1,Promising
16950,57,10,3503.17,4,5,5,14,3,Champions
16951,137,2,1262.75,3,3,4,10,2,At risk
16952,110,5,795.83,3,4,3,10,2,At risk
16953,31,1,20.8,4,2,1,7,0,Lost
16954,1,20,6081.88,5,5,5,15,3,Champions
16955,185,6,1095.31,3,4,3,10,2,At risk
16956,18,1,308.74,5,2,2,9,1,Promising
16957,240,2,416.64,2,3,2,7,0,Lost
16958,436,1,778.49,1,2,3,6,0,Lost
16959,88,1,117.35,3,2,1,6,0,Lost
16960,39,8,1988.93,4,5,4,13,2,At risk
16961,117,3,777.61,3,3,3,9,2,At risk
16962,410,1,251.04,1,2,1,4,0,Lost
16963,188,1,110.55,2,2,1,5,0,Lost
16964,734,2,207.85,1,3,1,5,0,Lost
16965,227,1,192.07,2,2,1,5,0,Lost
16966,9,7,2154.97,5,4,4,13,3,Champions
16967,190,1,319.02,2,2,2,6,0,Lost
16968,5,2,439.43,5,3,2,10,1,Promising
16969,40,3,650.41,4,3,3,10,1,Promising
16970,627,1,71.4,1,2,1,4,0,Lost
16971,39,1,357.21,4,2,2,8,1,Promising
16972,383,2,749.0,2,3,3,8,0,Lost
16973,387,1,127.0,2,2,1,5,0,Lost
16974,523,2,365.5,1,3,2,6,0,Lost
16975,424,3,911.27,1,3,3,7,2,At risk
16976,268,1,251.52,2,2,1,5,0,Lost
16977,396,4,496.0,2,4,2,8,2,At risk
16978,78,3,768.88,3,3,3,9,2,At risk
16979,4,9,2787.09,5,5,4,14,3,Champions
16980,256,3,1422.83,2,3,4,9,2,At risk
16982,61,1,384.06,3,2,2,7,1,Promising
16983,13,11,3490.53,5,5,5,15,3,Champions
16984,89,9,10265.78,3,5,5,13,3,Champions
16985,18,23,10548.26,5,5,5,15,3,Champions
16986,30,11,4888.75,4,5,5,14,3,Champions
16987,4,11,2487.55,5,5,4,14,3,Champions
16988,6,2,382.67,5,3,2,10,1,Promising
16989,8,6,1133.25,5,4,3,12,1,Promising
16990,219,2,344.0,2,3,2,7,0,Lost
16991,422,1,1041.21,1,2,3,6,0,Lost
16992,11,13,5476.5,5,5,5,15,3,Champions
16993,464,2,1688.15,1,3,4,8,2,At risk
16996,31,9,2095.71,4,5,4,13,3,Champions
16997,289,3,702.0,2,3,3,8,2,At risk
16998,150,4,394.5,3,4,2,9,2,At risk
16999,24,2,484.82,4,3,2,9,1,Promising
17000,397,2,406.3,2,3,2,7,0,Lost
17001,1,19,6640.8,5,5,5,15,3,Champions
17002,86,7,2571.55,3,4,4,11,2,At risk
17003,403,4,828.21,2,4,3,9,2,At risk
17004,47,4,2324.36,4,4,4,12,2,At risk
17005,471,2,622.36,1,3,3,7,0,Lost
17006,5,8,1635.27,5,5,4,14,3,Champions
17007,51,7,1120.1,4,4,3,11,2,At risk
17008,430,1,81.36,1,2,1,4,0,Lost
17009,552,1,242.06,1,2,1,4,0,Lost
17010,19,1,195.36,5,2,1,8,1,Promising
17011,31,3,536.7,4,3,2,9,1,Promising
17012,726,1,360.61,1,2,2,5,0,Lost
17014,9,3,583.4300000000001,5,3,2,10,1,Promising
17015,29,3,1838.61,4,3,4,11,1,Promising
17016,577,1,552.4,1,2,2,5,0,Lost
17017,3,29,12537.49,5,5,5,15,3,Champions
17018,41,6,2287.7,4,4,4,12,2,At risk
17019,12,11,3586.99,5,5,5,15,3,Champions
17020,543,2,935.62,1,3,3,7,0,Lost
17021,443,6,1182.22,1,4,3,8,2,At risk
17022,32,2,260.0,4,3,1,8,1,Promising
17023,418,3,800.1800000000001,1,3,3,7,2,At risk
17024,46,3,95.85,4,3,1,8,1,Promising
17025,61,5,1349.67,3,4,4,11,2,At risk
17026,186,3,175.83,3,3,1,7,0,Lost
17027,79,9,1268.93,3,5,4,12,2,At risk
17028,582,3,1593.83,1,3,4,8,2,At risk
17029,111,7,2137.3,3,4,4,11,2,At risk
17030,64,1,146.87,3,2,1,6,0,Lost
17031,12,6,2773.85,5,4,4,13,3,Champions
17032,604,5,2832.94,1,4,4,9,2,At risk
17033,87,4,1332.79,3,4,4,11,2,At risk
17034,17,5,1261.42,5,4,4,13,1,Promising
17035,246,4,578.34,2,4,2,8,2,At risk
17036,384,1,176.9,2,2,1,5,0,Lost
17037,88,1,1267.32,3,2,4,9,1,Promising
17038,31,2,743.17,4,3,3,10,1,Promising
17039,605,1,1954.99,1,2,4,7,2,At risk
17040,138,2,463.25,3,3,2,8,0,Lost
17041,27,6,1639.4,4,4,4,12,1,Promising
17042,3,5,1036.58,5,4,3,12,1,Promising
17043,33,8,2593.65,4,5,4,13,3,Champions
17044,26,12,11962.3,4,5,5,14,3,Champions
17045,114,5,827.6800000000001,3,4,3,10,2,At risk
17046,158,5,1906.07,3,4,4,11,2,At risk
17047,86,6,2289.23,3,4,4,11,2,At risk
17048,118,7,1996.93,3,4,4,11,2,At risk
17049,3,19,9824.23,5,5,5,15,3,Champions
17050,97,10,4348.46,3,5,5,13,2,At risk
17051,195,4,706.49,2,4,3,9,2,At risk
17052,29,1,399.09,4,2,2,8,1,Promising
17053,131,1,498.48,3,2,2,7,0,Lost
17054,29,5,1356.33,4,4,4,12,1,Promising
17055,446,1,232.85,1,2,1,4,0,Lost
17056,739,1,128.60000000000002,1,2,1,4,0,Lost
17057,597,1,288.79,1,2,2,5,0,Lost
17058,82,3,1179.89,3,3,3,9,2,At risk
17059,30,9,4846.87,4,5,5,14,3,Champions
17060,267,1,234.24,2,2,1,5,0,Lost
17061,74,11,5116.13,3,5,5,13,3,Champions
17062,314,6,884.71,2,4,3,9,2,At risk
17063,22,13,3613.53,4,5,5,14,3,Champions
17064,59,3,855.45,3,3,3,9,1,Promising
17065,638,2,194.7,1,3,1,5,0,Lost
17066,727,1,228.34,1,2,1,4,0,Lost
17067,725,3,454.54,1,3,2,6,0,Lost
17068,13,47,8945.53,5,5,5,15,3,Champions
17069,29,14,5499.89,4,5,5,14,3,Champions
17070,115,2,437.42,3,3,2,8,0,Lost
17071,29,13,3793.71,4,5,5,14,3,Champions
17072,626,1,273.35,1,2,1,4,0,Lost
17073,18,4,1444.84,5,4,4,13,1,Promising
17074,563,1,203.05,1,2,1,4,0,Lost
17075,18,10,2221.73,5,5,4,14,3,Champions
17076,37,6,1242.75,4,4,4,12,1,Promising
17077,579,1,306.0,1,2,2,5,0,Lost
17078,37,2,375.86,4,3,2,9,1,Promising
17079,79,1,118.8,3,2,1,6,0,Lost
17080,23,7,957.53,4,4,3,11,1,Promising
17081,26,6,949.39,4,4,3,11,1,Promising
17082,34,6,4732.03,4,4,5,13,3,Champions
17083,110,9,4049.79,3,5,5,13,2,At risk
17084,36,3,5001.21,4,3,5,12,2,At risk
17085,124,27,7734.12,3,5,5,13,3,Champions
17086,8,6,2050.08,5,4,4,13,1,Promising
17087,738,1,221.53,1,2,1,4,0,Lost
17088,29,4,1991.01,4,4,4,12,1,Promising
17089,387,1,128.45,2,2,1,5,0,Lost
17090,5,13,2988.74,5,5,5,15,3,Champions
17091,3,19,7495.75,5,5,5,15,3,Champions
17092,51,11,5511.41,4,5,5,14,3,Champions
17093,593,1,235.88,1,2,1,4,0,Lost
17094,323,2,402.2000000000001,2,3,2,7,0,Lost
17095,23,7,2562.3,4,4,4,12,3,Champions
17096,16,11,3682.48,5,5,5,15,3,Champions
17097,3,9,1126.86,5,5,3,13,3,Champions
17098,382,3,591.07,2,3,2,7,0,Lost
17099,534,1,582.17,1,2,2,5,0,Lost
17100,19,2,971.74,5,3,3,11,1,Promising
17101,11,7,2507.05,5,4,4,13,3,Champions
17102,262,1,25.5,2,2,1,5,0,Lost
17103,723,1,424.3,1,2,2,5,0,Lost
17104,424,1,474.03,1,2,2,5,0,Lost
17105,160,2,665.78,3,3,3,9,0,Lost
17106,390,1,481.58,2,2,2,6,0,Lost
17107,34,10,15762.72,4,5,5,14,3,Champions
17108,664,1,174.95,1,2,1,4,0,Lost
17109,30,8,1291.71,4,5,4,13,1,Promising
17110,166,3,499.9,3,3,2,8,2,At risk
17111,48,2,459.58,4,3,2,9,1,Promising
17112,503,1,197.57,1,2,1,4,0,Lost
17113,575,5,2134.01,1,4,4,9,2,At risk
17114,6,7,739.72,5,4,3,12,1,Promising
17115,9,7,2748.74,5,4,4,13,3,Champions
17116,649,1,389.78,1,2,2,5,0,Lost
17117,289,1,116.2,2,2,1,5,0,Lost
17118,318,1,157.02,2,2,1,5,0,Lost
17119,4,2,606.91,5,3,3,11,1,Promising
17120,234,1,307.46,2,2,2,6,0,Lost
17121,403,1,314.74,2,2,2,6,0,Lost
17122,120,4,570.5,3,4,2,9,2,At risk
17123,162,3,966.67,3,3,3,9,2,At risk
17124,186,1,294.24,3,2,2,7,0,Lost
17125,51,1,230.5,4,2,1,7,1,Promising
17126,153,9,1996.03,3,5,4,12,2,At risk
17127,429,5,1155.0300000000002,1,4,3,8,2,At risk
17128,335,1,157.09,2,2,1,5,0,Lost
17129,521,1,31.85,1,2,1,4,0,Lost
17131,6,5,2463.17,5,4,4,13,1,Promising
17132,453,2,1220.91,1,3,4,8,2,At risk
17133,16,11,12972.09,5,5,5,15,3,Champions
17134,107,3,625.3,3,3,3,9,2,At risk
17135,17,10,1716.38,5,5,4,14,3,Champions
17136,663,1,231.68,1,2,1,4,0,Lost
17137,417,6,1099.81,1,4,3,8,2,At risk
17138,276,7,4417.27,2,4,5,11,2,At risk
17139,16,25,19533.76,5,5,5,15,3,Champions
17140,248,1,454.12,2,2,2,6,0,Lost
17141,419,4,727.58,1,4,3,8,2,At risk
17142,240,4,1275.25,2,4,4,10,2,At risk
17143,418,2,880.97,1,3,3,7,0,Lost
17144,2,2,984.57,5,3,3,11,1,Promising
17145,513,4,3025.66,1,4,5,10,2,At risk
17146,106,13,5814.39,3,5,5,13,3,Champions
17147,23,9,3161.7,4,5,5,14,3,Champions
17148,52,1,124.88,4,2,1,7,0,Lost
17149,452,1,143.10000000000002,1,2,1,4,0,Lost
17150,377,6,1357.95,2,4,4,10,2,At risk
17151,736,1,231.90000000000003,1,2,1,4,0,Lost
17152,195,4,2016.5,2,4,4,10,2,At risk
17153,25,1,213.78,4,2,1,7,1,Promising
17154,76,1,329.34,3,2,2,7,0,Lost
17155,18,7,892.46,5,4,3,12,1,Promising
17156,492,1,577.02,1,2,2,5,0,Lost
17157,8,19,5151.900000000001,5,5,5,15,3,Champions
17158,33,5,1967.25,4,4,4,12,1,Promising
17159,22,5,2099.59,4,4,4,12,1,Promising
17160,32,17,10209.16,4,5,5,14,3,Champions
17161,445,1,856.01,1,2,3,6,0,Lost
17162,29,10,1715.46,4,5,4,13,3,Champions
17163,22,4,699.78,4,4,3,11,1,Promising
17164,33,7,2467.35,4,4,4,12,3,Champions
17165,285,6,1794.32,2,4,4,10,2,At risk
17166,39,2,206.34,4,3,1,8,1,Promising
17167,380,3,867.11,2,3,3,8,2,At risk
17168,499,1,400.2,1,2,2,5,0,Lost
17169,58,3,1156.73,4,3,3,10,1,Promising
17170,375,2,178.68,2,3,1,6,0,Lost
17171,290,2,384.59,2,3,2,7,0,Lost
17172,79,3,956.57,3,3,3,9,2,At risk
17173,6,8,3766.6,5,5,5,15,3,Champions
17174,218,1,59.9,2,2,1,5,0,Lost
17175,45,4,1443.69,4,4,4,12,1,Promising
17176,202,3,902.32,2,3,3,8,2,At risk
17177,506,1,119.5,1,2,1,4,0,Lost
17178,732,1,432.96,1,2,2,5,0,Lost
17179,179,6,1507.26,3,4,4,11,2,At risk
17180,57,11,2220.47,4,5,4,13,3,Champions
17181,58,3,309.85,4,3,2,9,1,Promising
17182,423,2,321.3,1,3,2,6,0,Lost
17183,8,6,3330.36,5,4,5,14,3,Champions
17184,570,2,198.41000000000005,1,3,1,5,0,Lost
17185,592,3,229.46,1,3,1,5,0,Lost
17186,47,2,144.0,4,3,1,8,1,Promising
17187,227,2,467.71,2,3,2,7,0,Lost
17188,12,13,4575.2300000000005,5,5,5,15,3,Champions
17189,107,5,953.63,3,4,3,10,2,At risk
17190,59,6,1529.73,3,4,4,11,2,At risk
17191,29,15,4310.34,4,5,5,14,3,Champions
17192,537,1,75.28,1,2,1,4,0,Lost
17193,36,9,2310.04,4,5,4,13,3,Champions
17194,361,2,776.66,2,3,3,8,0,Lost
17195,656,1,562.98,1,2,2,5,0,Lost
17196,428,1,327.75,1,2,2,5,0,Lost
17197,30,1,1013.01,4,2,3,9,1,Promising
17198,24,3,692.22,4,3,3,10,1,Promising
17199,583,1,135.04000000000002,1,2,1,4,0,Lost
17200,388,4,356.71,2,4,2,8,0,Lost
17201,54,4,1117.0,4,4,3,11,1,Promising
17202,421,1,160.65,1,2,1,4,0,Lost
17203,36,10,5564.09,4,5,5,14,3,Champions
17204,176,9,5475.29,3,5,5,13,2,At risk
17205,54,3,999.35,4,3,3,10,1,Promising
17206,54,1,204.24,4,2,1,7,0,Lost
17207,653,1,291.77,1,2,2,5,0,Lost
17208,396,1,111.15,2,2,1,5,0,Lost
17209,650,3,595.7,1,3,2,6,0,Lost
17210,393,1,251.72,2,2,1,5,0,Lost
17211,27,13,3758.35,4,5,5,14,3,Champions
17212,254,3,794.41,2,3,3,8,2,At risk
17213,41,13,4853.5,4,5,5,14,3,Champions
17214,61,6,974.12,3,4,3,10,2,At risk
17215,465,1,186.15,1,2,1,4,0,Lost
17216,555,1,63.6,1,2,1,4,0,Lost
17217,235,2,210.1,2,3,1,6,0,Lost
17218,5,18,3889.39,5,5,5,15,3,Champions
17219,32,2,259.13,4,3,1,8,1,Promising
17220,25,21,4451.41,4,5,5,14,3,Champions
17221,8,5,976.62,5,4,3,12,1,Promising
17222,66,6,1563.61,3,4,4,11,2,At risk
17223,311,3,523.04,2,3,2,7,0,Lost
17224,502,1,100.86,1,2,1,4,0,Lost
17225,582,1,131.15,1,2,1,4,0,Lost
17226,309,3,895.47,2,3,3,8,2,At risk
17227,19,12,1878.93,5,5,4,14,3,Champions
17228,16,13,2820.03,5,5,4,14,3,Champions
17229,97,2,318.76,3,3,2,8,0,Lost
17230,265,18,9226.25,2,5,5,12,3,Champions
17231,13,25,6993.48,5,5,5,15,3,Champions
17232,3,2,417.77,5,3,2,10,1,Promising
17233,36,3,560.86,4,3,2,9,1,Promising
17234,183,1,149.89,3,2,1,6,0,Lost
17235,26,8,1562.98,4,5,4,13,3,Champions
17236,13,12,1929.26,5,5,4,14,3,Champions
17237,12,4,994.13,5,4,3,12,1,Promising
17238,3,32,7331.17,5,5,5,15,3,Champions
17239,313,4,1189.45,2,4,3,9,2,At risk
17240,597,1,130.60000000000002,1,2,1,4,0,Lost
17241,386,12,2736.64,2,5,4,11,2,At risk
17242,109,5,2889.28,3,4,5,12,2,At risk
17243,2,69,20128.18,5,5,5,15,3,Champions
17244,54,5,1826.04,4,4,4,12,2,At risk
17245,205,2,371.63,2,3,2,7,0,Lost
17246,547,2,38.92,1,3,1,5,0,Lost
17247,16,1,280.09000000000003,5,2,1,8,1,Promising
17248,121,2,500.54,3,3,2,8,0,Lost
17249,429,1,68.03,1,2,1,4,0,Lost
17250,4,2,381.97,5,3,2,10,1,Promising
17251,363,3,795.23,2,3,3,8,2,At risk
17252,117,2,348.91,3,3,2,8,0,Lost
17253,19,1,178.26,5,2,1,8,1,Promising
17254,5,3,469.48,5,3,2,10,1,Promising
17255,41,4,781.7,4,4,3,11,1,Promising
17256,108,5,498.93,3,4,2,9,2,At risk
17257,437,2,189.78,1,3,1,5,0,Lost
17258,397,2,417.3,2,3,2,7,0,Lost
17259,149,6,1452.39,3,4,4,11,2,At risk
17260,412,1,120.95,1,2,1,4,0,Lost
17261,510,1,221.59,1,2,1,4,0,Lost
17262,53,11,2488.76,4,5,4,13,3,Champions
17263,209,1,63.440000000000005,2,2,1,5,0,Lost
17264,425,1,268.28,1,2,1,4,0,Lost
17265,139,2,550.01,3,3,2,8,0,Lost
17266,3,5,501.72,5,4,2,11,1,Promising
17267,128,2,317.2,3,3,2,8,0,Lost
17268,108,11,1733.89,3,5,4,12,2,At risk
17269,386,1,491.81,2,2,2,6,0,Lost
17270,470,2,601.45,1,3,3,7,0,Lost
17271,737,1,204.3,1,2,1,4,0,Lost
17272,43,4,2148.63,4,4,4,12,2,At risk
17273,425,1,141.12,1,2,1,4,0,Lost
17274,36,2,573.22,4,3,2,9,1,Promising
17275,384,1,114.1,2,2,1,5,0,Lost
17276,403,1,496.29,2,2,2,6,0,Lost
17277,228,2,1065.35,2,3,3,8,2,At risk
17278,242,2,271.24,2,3,1,6,0,Lost
17279,58,1,187.83,4,2,1,7,0,Lost
17280,439,1,118.86,1,2,1,4,0,Lost
17281,375,6,797.85,2,4,3,9,2,At risk
17282,131,5,2308.54,3,4,4,11,2,At risk
17283,379,1,188.46,2,2,1,5,0,Lost
17284,61,7,2553.65,3,4,4,11,2,At risk
17285,629,2,400.44,1,3,2,6,0,Lost
17286,22,3,389.18,4,3,2,9,1,Promising
17287,27,21,3820.56,4,5,5,14,3,Champions
17288,10,11,2468.43,5,5,4,14,3,Champions
17289,32,9,2041.8,4,5,4,13,3,Champions
17290,4,8,1427.48,5,5,4,14,3,Champions
17291,309,1,550.8000000000001,2,2,2,6,0,Lost
17292,473,2,271.75,1,3,1,5,0,Lost
17293,9,17,3750.63,5,5,5,15,3,Champions
17294,670,2,467.79,1,3,2,6,0,Lost
17295,29,3,547.0,4,3,2,9,1,Promising
17296,731,1,338.13,1,2,2,5,0,Lost
17297,18,1,128.18,5,2,1,8,1,Promising
17298,102,5,938.36,3,4,3,10,2,At risk
17299,12,6,993.23,5,4,3,12,1,Promising
17300,391,2,393.64,2,3,2,7,0,Lost
17301,22,2,294.39,4,3,2,9,1,Promising
17302,15,5,1135.63,5,4,3,12,1,Promising
17303,362,1,250.04,2,2,1,5,0,Lost
17304,535,1,111.5,1,2,1,4,0,Lost
17305,649,1,2135.46,1,2,4,7,2,At risk
17306,11,21,9782.35,5,5,5,15,3,Champions
17307,396,10,3694.61,2,5,5,12,2,At risk
17308,394,2,4511.76,2,3,5,10,2,At risk
17309,96,3,320.39,3,3,2,8,0,Lost
17310,388,2,1025.1,2,3,3,8,2,At risk
17311,79,6,3500.56,3,4,5,12,2,At risk
17312,139,3,644.3,3,3,3,9,2,At risk
17313,32,1,2328.84,4,2,4,10,1,Promising
17314,25,16,4529.11,4,5,5,14,3,Champions
17315,2,41,9528.55,5,5,5,15,3,Champions
17316,421,1,124.45,1,2,1,4,0,Lost
17317,47,3,2600.34,4,3,4,11,2,At risk
17318,726,1,157.32999999999998,1,2,1,4,0,Lost
17319,670,1,29.1,1,2,1,4,0,Lost
17320,101,6,2444.85,3,4,4,11,2,At risk
17321,9,6,1665.21,5,4,4,13,1,Promising
17322,377,5,910.79,2,4,3,9,2,At risk
17323,16,12,1542.69,5,5,4,14,3,Champions
17324,18,12,2018.07,5,5,4,14,3,Champions
17325,281,3,609.5699999999999,2,3,3,8,2,At risk
17326,409,2,312.35,2,3,2,7,0,Lost
17327,410,2,152.35,1,3,1,5,0,Lost
17328,674,1,104.7,1,2,1,4,0,Lost
17329,15,5,998.53,5,4,3,12,1,Promising
17330,23,4,423.8,4,4,2,10,1,Promising
17331,124,1,175.2,3,2,1,6,0,Lost
17332,529,5,827.77,1,4,3,8,2,At risk
17333,86,1,494.25,3,2,2,7,0,Lost
17334,303,3,635.1500000000001,2,3,3,8,2,At risk
17335,384,2,497.04,2,3,2,7,0,Lost
17336,473,1,81.12,1,2,1,4,0,Lost
17337,152,4,1970.66,3,4,4,11,2,At risk
17338,18,17,11880.54,5,5,5,15,3,Champions
17339,95,2,243.36,3,3,1,7,0,Lost
17340,30,18,19529.8,4,5,5,14,3,Champions
17341,157,5,1272.21,3,4,4,11,2,At risk
17342,380,4,1210.14,2,4,4,10,2,At risk
17343,356,6,1259.94,2,4,4,10,2,At risk
17344,47,2,457.36,4,3,2,9,1,Promising
17345,16,10,1586.63,5,5,4,14,3,Champions
17346,4,26,4971.13,5,5,5,15,3,Champions
17347,87,1,228.96,3,2,1,6,0,Lost
17348,15,9,2430.99,5,5,4,14,3,Champions
17349,180,5,772.41,3,4,3,10,2,At risk
17350,9,7,1863.82,5,4,4,13,3,Champions
17351,37,12,1964.38,4,5,4,13,3,Champions
17352,697,1,36.25,1,2,1,4,0,Lost
17353,130,4,3242.0,3,4,5,12,2,At risk
17354,51,4,3133.96,4,4,5,13,2,At risk
17355,387,1,273.31,2,2,1,5,0,Lost
17356,312,5,946.47,2,4,3,9,2,At risk
17357,25,2,384.39,4,3,2,9,1,Promising
17358,304,5,861.01,2,4,3,9,2,At risk
17359,12,2,284.46,5,3,2,10,1,Promising
17360,18,6,1170.56,5,4,3,12,1,Promising
17361,50,5,871.7900000000001,4,4,3,11,1,Promising
17362,240,7,1010.54,2,4,3,9,2,At risk
17363,396,3,920.46,2,3,3,8,2,At risk
17364,1,27,11597.5,5,5,5,15,3,Champions
17365,13,15,8179.45,5,5,5,15,3,Champions
17366,433,2,1075.59,1,3,3,7,2,At risk
17367,239,1,167.55,2,2,1,5,0,Lost
17368,24,14,2145.39,4,5,4,13,3,Champions
17369,456,1,979.2,1,2,3,6,0,Lost
17370,73,4,446.18,3,4,2,9,1,Promising
17371,18,6,651.37,5,4,3,12,1,Promising
17372,41,26,4278.13,4,5,5,14,3,Champions
17373,41,7,1167.5,4,4,3,11,2,At risk
17374,219,3,711.21,2,3,3,8,2,At risk
17375,200,4,632.95,2,4,3,9,2,At risk
17376,71,4,453.64,3,4,2,9,1,Promising
17377,24,78,17579.43,4,5,5,14,3,Champions
17378,375,1,10.95,2,2,1,5,0,Lost
17379,12,1,389.72,5,2,2,9,1,Promising
17380,435,3,645.0,1,3,3,7,2,At risk
17381,9,38,36398.65,5,5,5,15,3,Champions
17382,66,8,902.28,3,5,3,11,2,At risk
17383,5,2,304.09000000000003,5,3,2,10,1,Promising
17384,20,3,507.55,4,3,2,9,1,Promising
17385,15,1,256.11,5,2,1,8,1,Promising
17386,8,7,2812.77,5,4,4,13,3,Champions
17387,20,2,746.81,4,3,3,10,1,Promising
17388,78,11,2675.37,3,5,4,12,2,At risk
17389,1,61,56789.38,5,5,5,15,3,Champions
17390,421,1,149.3,1,2,1,4,0,Lost
17391,164,2,508.8,3,3,2,8,0,Lost
17392,307,3,579.92,2,3,2,7,2,At risk
17393,411,2,381.15,1,3,2,6,0,Lost
17394,220,1,203.87,2,2,1,5,0,Lost
17395,509,1,97.5,1,2,1,4,0,Lost
17396,40,13,8159.1,4,5,5,14,3,Champions
17397,23,3,1198.28,4,3,4,11,1,Promising
17398,115,3,653.38,3,3,3,9,2,At risk
17400,127,8,4623.28,3,5,5,13,2,At risk
17401,542,1,114.85,1,2,1,4,0,Lost
17402,5,22,4570.66,5,5,5,15,3,Champions
17403,37,2,382.87,4,3,2,9,1,Promising
17404,26,20,45900.12,4,5,5,14,3,Champions
17405,2,3,1031.41,5,3,3,11,1,Promising
17406,334,13,3891.95,2,5,5,12,2,At risk
17407,412,1,552.9,1,2,2,5,0,Lost
17408,164,3,164.89,3,3,1,7,0,Lost
17409,185,10,7793.51,3,5,5,13,2,At risk
17410,17,5,1214.72,5,4,4,13,1,Promising
17411,13,5,1359.98,5,4,4,13,1,Promising
17412,3,16,4210.02,5,5,5,15,3,Champions
17413,405,2,560.14,2,3,2,7,0,Lost
17414,44,6,2249.52,4,4,4,12,2,At risk
17415,80,1,507.84,3,2,2,7,0,Lost
17416,30,22,17243.37,4,5,5,14,3,Champions
17417,549,1,164.18,1,2,1,4,0,Lost
17418,43,3,670.0600000000001,4,3,3,10,1,Promising
17419,12,18,6111.400000000001,5,5,5,15,3,Champions
17420,51,6,953.58,4,4,3,11,2,At risk
17421,387,3,1059.41,2,3,3,8,2,At risk
17422,17,11,3527.7000000000003,5,5,5,15,3,Champions
17423,47,3,1118.95,4,3,3,10,1,Promising
17425,20,2,759.1700000000001,4,3,3,10,1,Promising
17426,9,13,8062.77,5,5,5,15,3,Champions
17427,72,1,100.8,3,2,1,6,0,Lost
17428,1,45,31064.41,5,5,5,15,3,Champions
17429,129,5,1357.46,3,4,4,11,2,At risk
17430,33,4,622.57,4,4,3,11,1,Promising
17431,314,1,403.3,2,2,2,6,0,Lost
17432,19,9,1728.99,5,5,4,14,3,Champions
17433,89,2,569.96,3,3,2,8,1,Promising
17434,3,7,2348.87,5,4,4,13,3,Champions
17435,412,1,331.35,1,2,2,5,0,Lost
17436,2,5,534.0600000000001,5,4,2,11,1,Promising
17437,530,1,369.68,1,2,2,5,0,Lost
17438,254,5,1422.77,2,4,4,10,2,At risk
17439,656,1,325.74,1,2,2,5,0,Lost
17440,157,4,323.58,3,4,2,9,0,Lost
17441,733,1,293.35,1,2,2,5,0,Lost
17442,37,15,4583.5,4,5,5,14,3,Champions
17443,220,1,534.24,2,2,2,6,0,Lost
17444,152,2,2389.1,3,3,4,10,2,At risk
17446,177,2,120.9,3,3,1,7,0,Lost
17447,41,2,541.53,4,3,2,9,1,Promising
17448,530,41,14448.67,1,5,5,11,3,Champions
17449,3,13,4849.15,5,5,5,15,3,Champions
17450,9,49,233675.91,5,5,5,15,3,Champions
17451,2,7,1674.3,5,4,4,13,3,Champions
17453,18,2,486.72,5,3,2,10,1,Promising
17454,193,10,1532.64,2,5,4,11,2,At risk
17455,204,1,131.7,2,2,1,5,0,Lost
17456,366,2,975.56,2,3,3,8,2,At risk
17457,127,14,5984.81,3,5,5,13,3,Champions
17458,16,2,529.58,5,3,2,10,1,Promising
17459,44,2,657.3,4,3,3,10,1,Promising
17460,226,15,1981.12,2,5,4,11,2,At risk
17461,23,3,735.82,4,3,3,10,1,Promising
17462,61,2,675.69,3,3,3,9,1,Promising
17463,17,7,2520.16,5,4,4,13,3,Champions
17464,159,3,816.54,3,3,3,9,2,At risk
17465,426,7,2535.29,1,4,4,9,2,At risk
17466,11,2,763.28,5,3,3,11,1,Promising
17467,396,1,102.6,2,2,1,5,0,Lost
17468,11,3,194.8,5,3,1,9,1,Promising
17469,17,17,4984.39,5,5,5,15,3,Champions
17470,45,11,2626.47,4,5,4,13,3,Champions
17471,475,1,321.65000000000003,1,2,2,5,0,Lost
17472,192,4,922.35,2,4,3,9,2,At risk
17473,409,2,592.15,1,3,2,6,0,Lost
17474,600,1,1047.0,1,2,3,6,0,Lost
17475,80,1,194.37,3,2,1,6,0,Lost
17476,396,2,455.01,2,3,2,7,0,Lost
17477,613,2,1126.6,1,3,3,7,2,At risk
17478,409,2,1272.8000000000002,1,3,4,8,2,At risk
17479,633,1,389.2600000000001,1,2,2,5,0,Lost
17480,78,2,882.23,3,3,3,9,1,Promising
17481,4,4,1255.59,5,4,4,13,1,Promising
17482,488,2,775.64,1,3,3,7,0,Lost
17483,66,4,591.73,3,4,2,9,1,Promising
17484,577,2,209.57,1,3,1,5,0,Lost
17486,262,1,396.87,2,2,2,6,0,Lost
17487,729,1,160.55,1,2,1,4,0,Lost
17488,642,1,336.5,1,2,2,5,0,Lost
17489,59,2,376.64,3,3,2,8,1,Promising
17490,1,9,2730.22,5,5,4,14,3,Champions
17491,2,17,5653.67,5,5,5,15,3,Champions
17492,249,3,1122.42,2,3,3,8,2,At risk
17493,386,1,100.91,2,2,1,5,0,Lost
17494,502,1,54.7,1,2,1,4,0,Lost
17495,8,3,790.82,5,3,3,11,1,Promising
17496,359,4,1412.89,2,4,4,10,2,At risk
17497,391,2,287.25,2,3,2,7,0,Lost
17498,76,1,272.22,3,2,1,6,0,Lost
17499,290,2,1296.84,2,3,4,9,2,At risk
17500,18,3,1138.0,5,3,3,11,1,Promising
17501,221,2,288.6,2,3,2,7,0,Lost
17502,10,4,689.1,5,4,3,12,1,Promising
17503,3,2,558.96,5,3,2,10,1,Promising
17504,207,17,9238.42,2,5,5,12,3,Champions
17505,162,5,2435.48,3,4,4,11,2,At risk
17506,76,1,302.2,3,2,2,7,0,Lost
17507,262,2,605.58,2,3,3,8,0,Lost
17508,281,8,4579.23,2,5,5,12,2,At risk
17509,58,8,6083.64,4,5,5,14,3,Champions
17510,25,2,514.56,4,3,2,9,1,Promising
17511,3,59,169626.87,5,5,5,15,3,Champions
17512,29,17,5437.22,4,5,5,14,3,Champions
17513,73,3,1158.8,3,3,3,9,2,At risk
17514,129,2,522.0,3,3,2,8,0,Lost
17515,32,9,1602.51,4,5,4,13,3,Champions
17516,16,6,947.5,5,4,3,12,1,Promising
17517,309,1,153.94,2,2,1,5,0,Lost
17518,426,2,329.42,1,3,2,6,0,Lost
17519,18,15,4774.17,5,5,5,15,3,Champions
17520,54,1,546.81,4,2,2,8,1,Promising
17521,30,5,1278.06,4,4,4,12,1,Promising
17522,2,5,1066.15,5,4,3,12,1,Promising
17523,12,4,652.74,5,4,3,12,1,Promising
17524,362,3,508.9,2,3,2,7,0,Lost
17525,360,3,1161.9,2,3,3,8,2,At risk
17526,5,12,3645.54,5,5,5,15,3,Champions
17527,54,4,898.8100000000001,4,4,3,11,1,Promising
17528,2,8,3628.5,5,5,5,15,3,Champions
17529,611,2,1240.25,1,3,4,8,2,At risk
17530,2,12,2787.1,5,5,4,14,3,Champions
17531,191,3,1241.32,2,3,4,9,2,At risk
17532,386,1,65.34,2,2,1,5,0,Lost
17533,435,1,34.8,1,2,1,4,0,Lost
17534,54,5,1668.83,4,4,4,12,2,At risk
17535,281,1,164.4,2,2,1,5,0,Lost
17536,178,3,364.83,3,3,2,8,0,Lost
17537,30,2,887.6700000000001,4,3,3,10,1,Promising
17538,26,1,98.42,4,2,1,7,1,Promising
17539,629,3,1161.84,1,3,3,7,2,At risk
17540,25,6,1590.6,4,4,4,12,1,Promising
17541,510,1,119.86,1,2,1,4,0,Lost
17542,270,3,340.85,2,3,2,7,0,Lost
17543,550,1,120.05,1,2,1,4,0,Lost
17544,391,3,944.82,2,3,3,8,2,At risk
17545,44,6,1409.86,4,4,4,12,2,At risk
17547,376,2,713.0,2,3,3,8,0,Lost
17548,384,2,486.48,2,3,2,7,0,Lost
17549,24,2,148.86,4,3,1,8,1,Promising
17550,198,9,2165.54,2,5,4,11,2,At risk
17551,360,1,290.34,2,2,2,6,0,Lost
17552,61,12,2786.77,3,5,4,12,3,Champions
17553,130,4,3757.6,3,4,5,12,2,At risk
17554,2,5,1952.45,5,4,4,13,1,Promising
17555,20,5,1045.74,4,4,3,11,1,Promising
17556,206,2,300.67,2,3,2,7,0,Lost
17557,15,4,575.46,5,4,2,11,1,Promising
17558,394,1,259.17,2,2,1,5,0,Lost
17559,513,1,167.62,1,2,1,4,0,Lost
17560,95,8,1895.8,3,5,4,12,2,At risk
17561,20,4,703.02,4,4,3,11,1,Promising
17562,15,7,1107.38,5,4,3,12,1,Promising
17563,579,2,318.73,1,3,2,6,0,Lost
17564,25,3,454.01,4,3,2,9,1,Promising
17565,587,1,131.83,1,2,1,4,0,Lost
17566,9,2,869.77,5,3,3,11,1,Promising
17567,8,9,4838.08,5,5,5,15,3,Champions
17568,634,1,374.45,1,2,2,5,0,Lost
17569,333,1,344.14,2,2,2,6,0,Lost
17571,51,5,1629.66,4,4,4,12,2,At risk
17572,72,10,652.21,3,5,3,11,2,At risk
17573,30,3,362.9,4,3,2,9,1,Promising
17574,243,1,185.65,2,2,1,5,0,Lost
17575,668,1,171.7,1,2,1,4,0,Lost
17576,9,41,8540.7,5,5,5,15,3,Champions
17577,646,2,348.75,1,3,2,6,0,Lost
17578,219,7,1013.76,2,4,3,9,2,At risk
17579,5,4,753.28,5,4,3,12,1,Promising
17580,253,5,538.07,2,4,2,8,2,At risk
17581,1,42,17680.97,5,5,5,15,3,Champions
17582,237,5,1446.95,2,4,4,10,2,At risk
17583,561,1,135.95,1,2,1,4,0,Lost
17584,8,6,5294.42,5,4,5,14,3,Champions
17585,110,7,2064.71,3,4,4,11,2,At risk
17586,620,1,167.4,1,2,1,4,0,Lost
17587,629,1,173.76,1,2,1,4,0,Lost
17588,101,7,2939.55,3,4,5,12,2,At risk
17589,61,18,13713.92,3,5,5,13,3,Champions
17590,3,3,1466.77,5,3,4,12,1,Promising
17591,74,8,2328.37,3,5,4,12,2,At risk
17592,739,1,148.3,1,2,1,4,0,Lost
17593,4,11,8077.32,5,5,5,15,3,Champions
17594,86,4,2497.88,3,4,4,11,2,At risk
17595,13,2,386.69,5,3,2,10,1,Promising
17596,24,13,4491.46,4,5,5,14,3,Champions
17597,214,5,3459.14,2,4,5,11,2,At risk
17598,382,1,409.98,2,2,2,6,0,Lost
17599,478,1,52.05,1,2,1,4,0,Lost
17600,18,1,161.67000000000002,5,2,1,8,1,Promising
17601,240,2,412.66,2,3,2,7,0,Lost
17602,3,14,7260.33,5,5,5,15,3,Champions
17603,79,4,1788.38,3,4,4,11,2,At risk
17604,218,6,942.38,2,4,3,9,2,At risk
17605,591,1,160.75,1,2,1,4,0,Lost
17606,738,1,87.30000000000001,1,2,1,4,0,Lost
17607,377,1,333.81,2,2,2,6,0,Lost
17608,34,4,488.06,4,4,2,10,1,Promising
17609,41,11,1741.81,4,5,4,13,3,Champions
17610,541,5,1491.69,1,4,4,9,2,At risk
17611,8,28,8282.43,5,5,5,15,3,Champions
17612,54,18,5295.31,4,5,5,14,3,Champions
17613,23,14,4515.3,4,5,5,14,3,Champions
17614,58,1,386.32,4,2,2,8,1,Promising
17615,131,6,721.8000000000001,3,4,3,10,2,At risk
17616,174,4,734.4,3,4,3,10,2,At risk
17617,559,1,385.19,1,2,2,5,0,Lost
17618,6,11,3985.19,5,5,5,15,3,Champions
17619,313,1,214.37,2,2,1,5,0,Lost
17620,60,1,81.44,3,2,1,6,0,Lost
17621,22,6,3073.12,4,4,5,13,3,Champions
17622,598,2,1125.17,1,3,3,7,2,At risk
17623,33,7,2365.77,4,4,4,12,3,Champions
17624,15,4,1568.63,5,4,4,13,1,Promising
17625,19,8,5978.9,5,5,5,15,3,Champions
17626,603,1,254.0,1,2,1,4,0,Lost
17627,479,1,296.36,1,2,2,5,0,Lost
17628,82,1,75.75,3,2,1,6,0,Lost
17629,6,10,2425.52,5,5,4,14,3,Champions
17630,170,2,503.6,3,3,2,8,0,Lost
17631,2,7,998.49,5,4,3,12,1,Promising
17633,32,7,1974.89,4,4,4,12,2,At risk
17634,37,9,2358.59,4,5,4,13,3,Champions
17635,425,3,1265.58,1,3,4,8,2,At risk
17636,20,1,285.56,4,2,2,8,1,Promising
17637,32,2,547.0600000000001,4,3,2,9,1,Promising
17638,648,2,842.4000000000001,1,3,3,7,0,Lost
17639,277,6,615.17,2,4,3,9,2,At risk
17640,87,6,3168.94,3,4,5,12,2,At risk
17642,120,5,1824.49,3,4,4,11,2,At risk
17643,374,2,439.7,2,3,2,7,0,Lost
17644,2,20,5953.14,5,5,5,15,3,Champions
17646,220,12,3898.79,2,5,5,12,2,At risk
17647,66,3,331.66,3,3,2,8,1,Promising
17648,61,5,2216.37,3,4,4,11,2,At risk
17649,139,3,1549.19,3,3,4,10,2,At risk
17650,22,1,166.07999999999998,4,2,1,7,1,Promising
17651,12,16,5673.07,5,5,5,15,3,Champions
17652,26,12,4805.08,4,5,5,14,3,Champions
17653,37,4,1207.56,4,4,4,12,1,Promising
17654,278,1,117.55,2,2,1,5,0,Lost
17655,11,9,2909.1800000000003,5,5,5,15,3,Champions
17656,74,5,1674.69,3,4,4,11,2,At risk
17657,431,1,126.0,1,2,1,4,0,Lost
17658,26,2,546.58,4,3,2,9,1,Promising
17659,18,14,3546.44,5,5,5,15,3,Champions
17660,142,2,342.22,3,3,2,8,0,Lost
17662,662,2,412.92,1,3,2,6,0,Lost
17663,26,17,5155.93,4,5,5,14,3,Champions
17664,19,4,1166.23,5,4,3,12,1,Promising
17665,494,1,563.1,1,2,2,5,0,Lost
17666,4,5,2047.8,5,4,4,13,1,Promising
17667,67,9,3916.7,3,5,5,13,3,Champions
17668,2,2,347.75,5,3,2,10,1,Promising
17669,43,10,6142.35,4,5,5,14,3,Champions
17670,228,1,205.7,2,2,1,5,0,Lost
17671,16,5,1737.48,5,4,4,13,1,Promising
17672,51,6,5633.14,4,4,5,13,3,Champions
17673,2,13,4173.88,5,5,5,15,3,Champions
17674,75,2,551.04,3,3,2,8,1,Promising
17675,2,69,37443.5,5,5,5,15,3,Champions
17676,5,10,2421.68,5,5,4,14,3,Champions
17677,2,53,34854.06,5,5,5,15,3,Champions
17678,264,2,599.76,2,3,3,8,0,Lost
17679,53,6,3188.21,4,4,5,13,2,At risk
17680,24,3,497.4500000000001,4,3,2,9,1,Promising
17681,598,5,731.2,1,4,3,8,2,At risk
17682,11,11,4065.28,5,5,5,15,3,Champions
17683,386,3,819.01,2,3,3,8,2,At risk
17684,44,1,239.41,4,2,1,7,1,Promising
17685,17,12,5445.05,5,5,5,15,3,Champions
17686,8,9,8296.81,5,5,5,15,3,Champions
17687,421,1,432.68,1,2,2,5,0,Lost
17688,394,1,286.5,2,2,2,6,0,Lost
17689,389,2,317.08,2,3,2,7,0,Lost
17690,31,20,6963.8,4,5,5,14,3,Champions
17691,359,4,627.35,2,4,3,9,2,At risk
17692,128,12,2960.44,3,5,5,13,2,At risk
17693,138,1,200.47,3,2,1,6,0,Lost
17694,142,3,1695.97,3,3,4,10,2,At risk
17695,132,5,1746.04,3,4,4,11,2,At risk
17696,39,27,7530.81,4,5,5,14,3,Champions
17697,237,1,338.95,2,2,2,6,0,Lost
17698,261,1,154.95,2,2,1,5,0,Lost
17699,477,2,442.0,1,3,2,6,0,Lost
17700,17,14,6664.07,5,5,5,15,3,Champions
17701,253,1,417.95,2,2,2,6,0,Lost
17702,31,6,3075.69,4,4,5,13,3,Champions
17703,36,4,1094.84,4,4,3,11,1,Promising
17704,169,2,885.19,3,3,3,9,2,At risk
17705,4,11,2068.9,5,5,4,14,3,Champions
17706,5,31,19787.17,5,5,5,15,3,Champions
17707,186,8,609.3,3,5,3,11,2,At risk
17708,188,4,884.1800000000001,2,4,3,9,2,At risk
17709,170,5,671.01,3,4,3,10,2,At risk
17710,424,1,293.5,1,2,2,5,0,Lost
17711,11,2,385.1,5,3,2,10,1,Promising
17712,45,1,522.91,4,2,2,8,1,Promising
17713,383,4,1198.09,2,4,4,10,2,At risk
17714,321,5,1390.38,2,4,4,10,2,At risk
17715,201,2,489.6,2,3,2,7,0,Lost
17716,23,24,15720.07,4,5,5,14,3,Champions
17717,422,1,376.92,1,2,2,5,0,Lost
17718,233,2,386.98,2,3,2,7,0,Lost
17719,38,15,5381.04,4,5,5,14,3,Champions
17720,27,10,2613.06,4,5,4,13,3,Champions
17721,660,1,307.21000000000004,1,2,2,5,0,Lost
17722,97,5,3480.02,3,4,5,12,2,At risk
17723,128,7,3378.4000000000005,3,4,5,12,2,At risk
17724,72,3,1009.2,3,3,3,9,2,At risk
17725,17,11,3412.23,5,5,5,15,3,Champions
17726,396,7,1092.06,2,4,3,9,2,At risk
17727,16,1,1042.55,5,2,3,10,1,Promising
17728,4,5,4238.76,5,4,5,14,3,Champions
17729,597,1,438.65,1,2,2,5,0,Lost
17730,4,20,7773.8,5,5,5,15,3,Champions
17731,80,6,1398.08,3,4,4,11,2,At risk
17732,373,8,2166.42,2,5,4,11,2,At risk
17733,39,2,692.19,4,3,3,10,1,Promising
17734,54,6,1442.32,4,4,4,12,2,At risk
17735,3,26,16740.33,5,5,5,15,3,Champions
17736,10,2,337.49,5,3,2,10,1,Promising
17737,10,2,168.24,5,3,1,9,1,Promising
17738,20,13,4161.06,4,5,5,14,3,Champions
17739,12,18,7730.59,5,5,5,15,3,Champions
17740,390,6,426.9,2,4,2,8,2,At risk
17741,407,2,101.1,2,3,1,6,0,Lost
17742,114,11,2098.48,3,5,4,12,2,At risk
17743,449,1,229.2,1,2,1,4,0,Lost
17744,4,7,2649.14,5,4,4,13,3,Champions
17745,478,2,600.34,1,3,3,7,0,Lost
17746,241,4,888.58,2,4,3,9,2,At risk
17747,113,1,71.4,3,2,1,6,0,Lost
17748,528,1,358.15,1,2,2,5,0,Lost
17749,179,3,1026.18,3,3,3,9,2,At risk
17750,6,9,1694.16,5,5,4,14,3,Champions
17751,422,1,157.86,1,2,1,4,0,Lost
17752,360,1,80.64,2,2,1,5,0,Lost
17753,465,4,382.06,1,4,2,7,0,Lost
17754,1,13,4420.02,5,5,5,15,3,Champions
17756,376,3,728.75,2,3,3,8,2,At risk
17757,2,56,9044.99,5,5,5,15,3,Champions
17758,20,12,4964.03,4,5,5,14,3,Champions
17759,18,5,1260.63,5,4,4,13,1,Promising
17760,22,6,746.39,4,4,3,11,1,Promising
17761,33,1,712.78,4,2,3,9,1,Promising
17762,457,1,129.75,1,2,1,4,0,Lost
17763,264,3,51.15,2,3,1,6,0,Lost
17764,51,5,1513.57,4,4,4,12,2,At risk
17765,159,4,524.0,3,4,2,9,2,At risk
17766,382,2,299.61,2,3,2,7,0,Lost
17767,16,2,413.05,5,3,2,10,1,Promising
17768,9,7,3292.73,5,4,5,14,3,Champions
17769,13,17,6975.4800000000005,5,5,5,15,3,Champions
17770,199,5,1143.27,2,4,3,9,2,At risk
17771,57,4,386.93,4,4,2,10,1,Promising
17772,11,3,360.75,5,3,2,10,1,Promising
17773,515,2,575.37,1,3,2,6,0,Lost
17774,97,9,3269.34,3,5,5,13,2,At risk
17775,255,1,56.4,2,2,1,5,0,Lost
17776,387,2,322.55,2,3,2,7,0,Lost
17777,25,3,647.56,4,3,3,10,1,Promising
17778,662,1,197.7,1,2,1,4,0,Lost
17779,22,3,637.82,4,3,3,10,1,Promising
17780,668,3,346.56,1,3,2,6,0,Lost
17781,160,2,188.02,3,3,1,7,0,Lost
17782,383,2,679.02,2,3,3,8,0,Lost
17783,73,3,376.96,3,3,2,8,1,Promising
17784,551,1,112.86,1,2,1,4,0,Lost
17785,54,3,403.38,4,3,2,9,1,Promising
17786,86,2,266.85,3,3,1,7,0,Lost
17787,153,4,1817.54,3,4,4,11,2,At risk
17788,74,2,1112.95,3,3,3,9,1,Promising
17789,282,2,397.15,2,3,2,7,0,Lost
17790,27,20,2779.41,4,5,4,13,3,Champions
17791,30,1,106.1,4,2,1,7,1,Promising
17792,468,2,368.35,1,3,2,6,0,Lost
17793,26,1,300.34,4,2,2,8,1,Promising
17794,687,2,147.3,1,3,1,5,0,Lost
17795,180,2,342.83,3,3,2,8,0,Lost
17796,41,7,1236.39,4,4,4,12,2,At risk
17797,23,8,1971.87,4,5,4,13,3,Champions
17798,582,1,172.17,1,2,1,4,0,Lost
17799,23,20,6136.63,4,5,5,14,3,Champions
17800,38,9,1186.21,4,5,3,12,2,At risk
17801,452,3,770.03,1,3,3,7,2,At risk
17802,83,10,4917.82,3,5,5,13,3,Champions
17803,393,1,184.66,2,2,1,5,0,Lost
17804,377,3,383.78,2,3,2,7,0,Lost
17805,74,2,927.03,3,3,3,9,1,Promising
17806,12,1,546.04,5,2,2,9,1,Promising
17807,396,3,437.87,2,3,2,7,0,Lost
17808,549,4,262.64,1,4,1,6,0,Lost
17809,17,20,10019.89,5,5,5,15,3,Champions
17810,669,2,343.21,1,3,2,6,0,Lost
17811,5,47,9419.1,5,5,5,15,3,Champions
17812,13,7,911.99,5,4,3,12,1,Promising
17813,15,5,1657.37,5,4,4,13,1,Promising
17814,376,2,1609.37,2,3,4,9,2,At risk
17815,394,1,591.96,2,2,2,6,0,Lost
17816,37,6,96.11,4,4,1,9,1,Promising
17817,5,6,781.45,5,4,3,12,1,Promising
17818,738,1,124.78,1,2,1,4,0,Lost
17819,72,12,5970.05,3,5,5,13,3,Champions
17820,375,1,180.61,2,2,1,5,0,Lost
17821,407,1,334.62,2,2,2,6,0,Lost
17822,421,5,2154.08,1,4,4,9,2,At risk
17823,422,2,449.25,1,3,2,6,0,Lost
17824,52,1,298.4,4,2,2,8,1,Promising
17825,599,4,701.96,1,4,3,8,2,At risk
17826,375,1,133.34,2,2,1,5,0,Lost
17827,6,6,2369.42,5,4,4,13,3,Champions
17828,23,4,1145.19,4,4,3,11,1,Promising
17829,299,5,4680.42,2,4,5,11,2,At risk
17830,2,3,398.7,5,3,2,10,1,Promising
17831,34,1,35.400000000000006,4,2,1,7,0,Lost
17832,50,1,155.37,4,2,1,7,0,Lost
17833,724,1,338.46000000000004,1,2,2,5,0,Lost
17834,415,2,689.6700000000001,1,3,3,7,0,Lost
17835,3,3,342.24,5,3,2,10,1,Promising
17836,48,1,109.83,4,2,1,7,0,Lost
17837,43,8,1525.38,4,5,4,13,2,At risk
17838,90,12,5134.49,3,5,5,13,3,Champions
17839,43,1,318.15,4,2,2,8,1,Promising
17840,444,1,175.9,1,2,1,4,0,Lost
17841,2,211,67597.59,5,5,5,15,3,Champions
17842,603,1,430.69,1,2,2,5,0,Lost
17843,304,2,312.65,2,3,2,7,0,Lost
17844,107,1,51.56,3,2,1,6,0,Lost
17845,556,4,596.09,1,4,3,8,2,At risk
17847,516,2,125.74,1,3,1,5,0,Lost
17848,82,30,3538.46,3,5,5,13,3,Champions
17849,219,8,1063.76,2,5,3,10,2,At risk
17850,373,155,51091.09,2,5,5,12,3,Champions
17851,423,6,1552.35,1,4,4,9,2,At risk
17852,12,5,657.8100000000001,5,4,3,12,1,Promising
17853,408,3,1596.29,2,3,4,9,2,At risk
17854,186,6,1068.5,3,4,3,10,2,At risk
17855,373,1,208.97,2,2,1,5,0,Lost
17856,2,4,1418.03,5,4,4,13,1,Promising
17857,5,23,25697.04,5,5,5,15,3,Champions
17858,6,30,12518.65,5,5,5,15,3,Champions
17859,305,1,141.92,2,2,1,5,0,Lost
17860,369,4,717.39,2,4,3,9,2,At risk
17861,4,18,5075.54,5,5,5,15,3,Champions
17862,324,4,1254.89,2,4,4,10,2,At risk
17863,60,12,5360.4800000000005,3,5,5,13,3,Champions
17864,13,5,876.57,5,4,3,12,1,Promising
17865,31,45,26047.49,4,5,5,14,3,Champions
17866,143,3,1134.95,3,3,3,9,2,At risk
17867,31,14,899.87,4,5,3,12,3,Champions
17868,387,1,227.15,2,2,1,5,0,Lost
17869,108,7,813.64,3,4,3,10,2,At risk
17870,3,13,2748.34,5,5,4,14,3,Champions
17871,205,5,1068.95,2,4,3,9,2,At risk
17872,382,1,235.87,2,2,1,5,0,Lost
17873,81,17,5843.63,3,5,5,13,3,Champions
17874,186,6,658.26,3,4,3,10,2,At risk
17875,689,1,167.1,1,2,1,4,0,Lost
17876,400,3,3424.02,2,3,5,10,2,At risk
17877,171,1,237.61,3,2,1,6,0,Lost
17878,44,3,1378.93,4,3,4,11,1,Promising
17879,174,1,178.52,3,2,1,6,0,Lost
17880,365,3,824.9200000000001,2,3,3,8,2,At risk
17881,305,1,133.35,2,2,1,5,0,Lost
17882,380,2,291.56,2,3,2,7,0,Lost
17883,4,7,988.42,5,4,3,12,1,Promising
17884,4,20,2687.62,5,5,4,14,3,Champions
17885,13,1,156.34,5,2,1,8,1,Promising
17886,32,6,1572.55,4,4,4,12,1,Promising
17887,130,1,111.35,3,2,1,6,0,Lost
17888,39,19,1312.31,4,5,4,13,3,Champions
17889,213,7,746.42,2,4,3,9,2,At risk
17890,323,2,586.89,2,3,2,7,0,Lost
17891,163,1,203.86,3,2,1,6,0,Lost
17892,57,3,244.1,4,3,1,8,1,Promising
17893,226,1,107.21,2,2,1,5,0,Lost
17894,72,18,2263.44,3,5,4,12,3,Champions
17895,45,1,95.45,4,2,1,7,0,Lost
17896,24,1,256.32,4,2,1,7,1,Promising
17897,173,9,2053.04,3,5,4,12,2,At risk
17898,86,4,299.18,3,4,2,9,1,Promising
17899,160,1,154.55,3,2,1,6,0,Lost
17900,191,1,30.0,2,2,1,5,0,Lost
17901,30,3,260.08,4,3,1,8,1,Promising
17902,547,1,216.4,1,2,1,4,0,Lost
17903,395,1,381.09,2,2,2,6,0,Lost
17904,22,1,181.07,4,2,1,7,1,Promising
17905,72,13,2159.07,3,5,4,12,3,Champions
17906,248,1,72.9,2,2,1,5,0,Lost
17907,641,1,291.76,1,2,2,5,0,Lost
17908,374,5,1126.52,2,4,3,9,2,At risk
17909,738,1,110.05,1,2,1,4,0,Lost
17910,727,1,261.7,1,2,1,4,0,Lost
17911,10,1,366.23,5,2,2,9,1,Promising
17912,311,6,361.65,2,4,2,8,2,At risk
17913,59,14,3425.09,3,5,5,13,3,Champions
17914,4,1,329.36,5,2,2,9,1,Promising
17915,552,1,225.78,1,2,1,4,0,Lost
17916,629,2,43.87,1,3,1,5,0,Lost
17917,46,3,335.03,4,3,2,9,1,Promising
17918,501,3,388.44,1,3,2,6,0,Lost
17919,89,2,1840.32,3,3,4,10,2,At risk
17920,5,54,23569.88,5,5,5,15,3,Champions
17921,65,10,2354.21,3,5,4,12,2,At risk
17922,544,1,170.4,1,2,1,4,0,Lost
17923,283,3,497.0,2,3,2,7,0,Lost
17924,12,8,3257.7000000000003,5,5,5,15,3,Champions
17925,373,1,244.08,2,2,1,5,0,Lost
17926,134,5,1035.49,3,4,3,10,2,At risk
17927,722,1,294.0,1,2,2,5,0,Lost
17928,46,3,313.16,4,3,2,9,1,Promising
17929,12,12,3082.1,5,5,5,15,3,Champions
17930,36,13,4275.22,4,5,5,14,3,Champions
17931,135,14,3394.74,3,5,5,13,2,At risk
17932,30,3,1331.57,4,3,4,11,1,Promising
17933,633,1,105.99,1,2,1,4,0,Lost
17934,52,3,1049.15,4,3,3,10,1,Promising
17935,139,7,652.64,3,4,3,10,2,At risk
17936,6,1,380.13,5,2,2,9,1,Promising
17937,9,7,4301.22,5,4,5,14,3,Champions
17938,421,1,144.29,1,2,1,4,0,Lost
17939,160,1,99.14,3,2,1,6,0,Lost
17940,50,14,28389.58,4,5,5,14,3,Champions
17941,131,4,1433.28,3,4,4,11,2,At risk
17942,8,1,77.50000000000001,5,2,1,8,1,Promising
17944,424,1,74.99,1,2,1,4,0,Lost
17945,697,3,359.5,1,3,2,6,0,Lost
17946,234,2,149.57999999999998,2,3,1,6,0,Lost
17947,38,1,176.68,4,2,1,7,1,Promising
17948,148,1,358.56000000000006,3,2,2,7,0,Lost
17949,2,105,101032.86,5,5,5,15,3,Champions
17950,73,7,1156.21,3,4,3,10,2,At risk
17951,40,4,1340.5800000000002,4,4,4,12,1,Promising
17952,379,4,788.46,2,4,3,9,2,At risk
17953,541,1,148.67000000000002,1,2,1,4,0,Lost
17954,6,19,3764.73,5,5,5,15,3,Champions
17955,199,6,949.9,2,4,3,9,2,At risk
17956,250,1,12.75,2,2,1,5,0,Lost
17957,67,1,110.72,3,2,1,6,0,Lost
17958,117,2,973.88,3,3,3,9,2,At risk
17959,593,1,140.75,1,2,1,4,0,Lost
17960,172,3,135.08,3,3,1,7,0,Lost
17961,22,100,2862.99,4,5,4,13,3,Champions
17962,143,4,653.16,3,4,3,10,2,At risk
17963,472,4,643.16,1,4,3,8,2,At risk
17964,32,2,463.21,4,3,2,9,1,Promising
17965,38,29,6901.9,4,5,5,14,3,Champions
17966,38,10,1963.92,4,5,4,13,3,Champions
17967,372,2,223.42,2,3,1,6,0,Lost
17968,374,4,590.44,2,4,2,8,2,At risk
17969,167,20,2279.69,3,5,4,12,2,At risk
17970,212,1,562.79,2,2,2,6,0,Lost
17971,549,1,161.94,1,2,1,4,0,Lost
17972,242,1,135.19,2,2,1,5,0,Lost
17973,52,1,337.04,4,2,2,8,1,Promising
17974,25,6,1739.09,4,4,4,12,1,Promising
17975,16,24,6597.83,5,5,5,15,3,Champions
17976,373,1,321.79,2,2,2,6,0,Lost
17977,30,2,1453.55,4,3,4,11,1,Promising
17978,366,4,1159.99,2,4,3,9,2,At risk
17979,36,4,709.11,4,4,3,11,1,Promising
17980,166,4,1012.72,3,4,3,10,2,At risk
17981,411,1,239.12,1,2,1,4,0,Lost
17982,681,1,138.18,1,2,1,4,0,Lost
17983,396,1,171.71,2,2,1,5,0,Lost
17984,146,5,1148.69,3,4,3,10,2,At risk
17985,23,1,631.35,4,2,3,9,1,Promising
17986,57,1,20.8,4,2,1,7,0,Lost
17987,186,5,901.72,3,4,3,10,2,At risk
17988,12,13,475.74,5,5,2,12,1,Promising
17989,380,1,207.33,2,2,1,5,0,Lost
17990,237,6,1527.61,2,4,4,10,2,At risk
17991,226,3,298.65,2,3,2,7,0,Lost
17992,390,1,252.88,2,2,1,5,0,Lost
17993,618,1,225.99,1,2,1,4,0,Lost
17994,122,11,2215.23,3,5,4,12,2,At risk
17995,282,3,495.48,2,3,2,7,0,Lost
17996,380,3,469.73,2,3,2,7,0,Lost
17997,75,8,1892.86,3,5,4,12,2,At risk
17998,381,3,639.24,2,3,3,8,2,At risk
17999,38,3,528.46,4,3,2,9,1,Promising
18000,565,1,124.25,1,2,1,4,0,Lost
18001,13,6,924.14,5,4,3,12,1,Promising
18002,376,4,237.62,2,4,1,7,0,Lost
18003,377,1,353.51,2,2,2,6,0,Lost
18004,363,1,157.92,2,2,1,5,0,Lost
18005,4,2,226.47,5,3,1,9,1,Promising
18006,24,4,969.51,4,4,3,11,1,Promising
18007,393,1,215.22,2,2,1,5,0,Lost
18008,71,23,19759.08,3,5,5,13,3,Champions
18009,236,8,2128.53,2,5,4,11,2,At risk
18010,257,1,174.8,2,2,1,5,0,Lost
18011,374,2,410.79,2,3,2,7,0,Lost
18012,724,1,115.3,1,2,1,4,0,Lost
18013,156,2,187.29,3,3,1,7,0,Lost
18014,29,1,154.27,4,2,1,7,1,Promising
18015,5,1,120.03,5,2,1,8,1,Promising
18016,33,7,1954.56,4,4,4,12,2,At risk
18017,82,4,688.0,3,4,3,10,2,At risk
18018,109,3,156.69,3,3,1,7,0,Lost
18019,52,1,38.45,4,2,1,7,0,Lost
18020,544,1,159.88,1,2,1,4,0,Lost
18021,510,2,216.41,1,3,1,5,0,Lost
18022,36,5,1506.62,4,4,4,12,1,Promising
18024,153,2,236.78,3,3,1,7,0,Lost
18025,380,6,1177.72,2,4,3,9,2,At risk
18026,501,2,2074.07,1,3,4,8,2,At risk
18027,99,1,115.31,3,2,1,6,0,Lost
18028,584,1,192.05,1,2,1,4,0,Lost
18029,643,1,433.77,1,2,2,5,0,Lost
18030,5,2,230.65,5,3,1,9,1,Promising
18031,379,1,451.3,2,2,2,6,0,Lost
18032,335,1,73.5,2,2,1,5,0,Lost
18033,66,1,93.82,3,2,1,6,0,Lost
18034,22,3,753.35,4,3,3,10,1,Promising
18035,36,5,1260.23,4,4,4,12,1,Promising
18036,33,11,1545.49,4,5,4,13,3,Champions
18037,155,15,167.42,3,5,1,9,2,At risk
18038,557,1,141.48,1,2,1,4,0,Lost
18039,375,4,548.22,2,4,2,8,2,At risk
18040,20,2,357.20000000000005,4,3,2,9,1,Promising
18041,12,38,7996.519999999999,5,5,5,15,3,Champions
18042,54,2,281.15,4,3,2,9,1,Promising
18043,25,3,529.29,4,3,2,9,1,Promising
18044,5,18,3505.61,5,5,5,15,3,Champions
18045,46,1,178.34,4,2,1,7,1,Promising
18046,650,1,189.63,1,2,1,4,0,Lost
18047,382,2,326.09,2,3,2,7,0,Lost
18048,204,3,394.93,2,3,2,7,0,Lost
18049,438,2,500.5,1,3,2,6,0,Lost
18050,360,2,412.06,2,3,2,7,0,Lost
18051,635,7,2282.28,1,4,4,9,2,At risk
18052,565,1,10877.18,1,2,5,8,2,At risk
18053,71,3,556.22,3,3,2,8,1,Promising
18054,393,1,176.5,2,2,1,5,0,Lost
18055,8,14,10124.79,5,5,5,15,3,Champions
18056,289,2,539.75,2,3,2,7,0,Lost
18057,394,3,1168.14,2,3,3,8,2,At risk
18058,10,3,774.06,5,3,3,11,1,Promising
18059,24,3,306.46,4,3,2,9,1,Promising
18060,409,2,1185.46,1,3,3,7,2,At risk
18061,22,28,6083.81,4,5,5,14,3,Champions
18062,174,6,1553.0700000000002,3,4,4,11,2,At risk
18063,391,2,186.6,2,3,1,6,0,Lost
18064,134,11,4481.83,3,5,5,13,2,At risk
18065,6,28,5846.63,5,5,5,15,3,Champions
18066,76,3,1440.4,3,3,4,10,2,At risk
18067,41,1,396.33,4,2,2,8,1,Promising
18068,290,1,101.7,2,2,1,5,0,Lost
18069,27,11,4434.17,4,5,5,14,3,Champions
18070,670,1,314.1,1,2,2,5,0,Lost
18071,258,6,1169.68,2,4,3,9,2,At risk
18072,186,1,20.04,3,2,1,6,0,Lost
18073,115,12,3859.82,3,5,5,13,2,At risk
18074,374,2,1019.44,2,3,3,8,2,At risk
18075,24,20,5709.74,4,5,5,14,3,Champions
18076,381,1,151.49,2,2,1,5,0,Lost
18077,9,18,4078.79,5,5,5,15,3,Champions
18078,218,4,725.53,2,4,3,9,2,At risk
18079,46,5,4203.93,4,4,5,13,2,At risk
18080,19,2,1231.5,5,3,4,12,1,Promising
18081,37,3,343.45,4,3,2,9,1,Promising
18082,26,1,680.84,4,2,3,9,1,Promising
18083,398,1,463.53,2,2,2,6,0,Lost
18084,17,2,178.98000000000002,5,3,1,9,1,Promising
18085,331,4,1341.85,2,4,4,10,2,At risk
18086,275,1,101.34,2,2,1,5,0,Lost
18087,291,15,13623.12,2,5,5,12,3,Champions
18088,62,1,166.03,3,2,1,6,0,Lost
18089,447,1,428.45,1,2,2,5,0,Lost
18090,422,1,321.9,1,2,2,5,0,Lost
18091,594,1,360.85,1,2,2,5,0,Lost
18092,3,18,14693.72,5,5,5,15,3,Champions
18093,94,8,4452.71,3,5,5,13,2,At risk
18094,82,13,6391.52,3,5,5,13,3,Champions
18095,313,5,2303.09,2,4,4,10,2,At risk
18096,12,6,1638.16,5,4,4,13,1,Promising
18097,8,11,4627.92,5,5,5,15,3,Champions
18098,397,1,527.94,2,2,2,6,0,Lost
18099,128,1,168.31,3,2,1,6,0,Lost
18100,551,1,451.56,1,2,2,5,0,Lost
18101,12,5,622.01,5,4,3,12,1,Promising
18102,1,145,579128.64,5,5,5,15,3,Champions
18103,550,1,105.8,1,2,1,4,0,Lost
18104,38,1,754.64,4,2,3,9,1,Promising
18105,38,1,113.48000000000002,4,2,1,7,1,Promising
18106,330,6,1441.06,2,4,4,10,2,At risk
18107,443,1,165.88,1,2,1,4,0,Lost
18108,255,3,848.8100000000001,2,3,3,8,2,At risk
18109,2,38,9431.41,5,5,5,15,3,Champions
18110,20,2,364.98,4,3,2,9,1,Promising
18111,590,1,405.85,1,2,2,5,0,Lost
18112,13,4,773.36,5,4,3,12,1,Promising
18113,369,1,76.32000000000001,2,2,1,5,0,Lost
18114,291,1,220.1,2,2,1,5,0,Lost
18115,698,1,9.7,1,2,1,4,0,Lost
18116,68,13,2130.89,3,5,4,12,3,Champions
18117,26,1,314.4,4,2,2,8,1,Promising
18118,11,29,6165.42,5,5,5,15,3,Champions
18119,368,1,180.7,2,2,1,5,0,Lost
18120,215,1,111.15,2,2,1,5,0,Lost
18121,150,2,653.3000000000001,3,3,3,9,0,Lost
18122,9,6,1791.84,5,4,4,13,1,Promising
18123,25,3,666.64,4,3,3,10,1,Promising
18124,473,1,102.65,1,2,1,4,0,Lost
18125,30,4,1131.75,4,4,3,11,1,Promising
18126,61,1,198.58,3,2,1,6,0,Lost
18127,20,4,556.13,4,4,2,10,1,Promising
18128,538,1,399.29,1,2,2,5,0,Lost
18129,244,1,112.55,2,2,1,5,0,Lost
18130,16,3,1059.39,5,3,3,11,1,Promising
18131,632,1,222.96,1,2,1,4,0,Lost
18132,505,1,220.13,1,2,1,4,0,Lost
18133,213,1,931.5,2,2,3,7,0,Lost
18134,599,2,445.0,1,3,2,6,0,Lost
18135,30,10,1249.62,4,5,4,13,3,Champions
18136,64,5,1541.66,3,4,4,11,2,At risk
18137,552,2,145.99,1,3,1,5,0,Lost
18138,296,1,152.65,2,2,1,5,0,Lost
18139,18,6,8438.34,5,4,5,14,3,Champions
18140,474,1,536.41,1,2,2,5,0,Lost
18141,402,2,847.07,2,3,3,8,0,Lost
18142,158,2,1019.52,3,3,3,9,2,At risk
18143,117,2,1000.16,3,3,3,9,2,At risk
18144,8,19,4892.95,5,5,5,15,3,Champions
18145,13,11,5592.04,5,5,5,15,3,Champions
18146,141,2,160.35,3,3,1,7,0,Lost
18147,46,2,179.34,4,3,1,8,1,Promising
18148,647,1,112.85,1,2,1,4,0,Lost
18149,51,7,1553.96,4,4,4,12,2,At risk
18150,33,3,566.58,4,3,2,9,1,Promising
18151,135,6,1853.94,3,4,4,11,2,At risk
18152,647,1,426.69,1,2,2,5,0,Lost
18153,660,1,246.22,1,2,1,4,0,Lost
18154,4,5,932.6,5,4,3,12,1,Promising
18155,76,3,371.62,3,3,2,8,1,Promising
18156,13,2,675.64,5,3,3,11,1,Promising
18157,572,1,213.9,1,2,1,4,0,Lost
18158,10,2,453.4,5,3,2,10,1,Promising
18159,302,1,530.15,2,2,2,6,0,Lost
18160,58,3,1003.88,4,3,3,10,1,Promising
18161,16,6,1803.1,5,4,4,13,1,Promising
18162,733,1,371.51,1,2,2,5,0,Lost
18163,585,1,683.44,1,2,3,6,0,Lost
18164,38,1,399.65,4,2,2,8,1,Promising
18165,178,1,302.46,3,2,2,7,0,Lost
18166,624,1,175.5,1,2,1,4,0,Lost
18167,24,3,1293.36,4,3,4,11,1,Promising
18168,177,16,3379.55,3,5,5,13,2,At risk
18169,61,1,202.65,3,2,1,6,0,Lost
18170,34,9,2878.0,4,5,5,14,3,Champions
18171,59,9,2437.31,3,5,4,12,2,At risk
18172,15,52,17427.44,5,5,5,15,3,Champions
18173,87,5,2696.36,3,4,4,11,2,At risk
18174,8,2,162.5,5,3,1,9,1,Promising
18175,676,1,176.10000000000002,1,2,1,4,0,Lost
18176,359,1,454.85,2,2,2,6,0,Lost
18177,32,9,2189.07,4,5,4,13,3,Champions
18178,129,11,6086.74,3,5,5,13,3,Champions
18179,10,8,2547.55,5,5,4,14,3,Champions
18180,5,6,1843.75,5,4,4,13,1,Promising
18181,25,5,1166.61,4,4,3,11,1,Promising
18182,464,1,291.13,1,2,2,5,0,Lost
18183,228,2,632.07,2,3,3,8,0,Lost
18184,16,1,49.8,5,2,1,8,1,Promising
18185,250,1,304.25,2,2,2,6,0,Lost
18186,723,1,329.58000000000004,1,2,2,5,0,Lost
18187,632,1,709.94,1,2,3,6,0,Lost
18188,16,6,3265.74,5,4,5,14,3,Champions
18189,78,3,1403.73,3,3,4,10,2,At risk
18190,193,5,745.62,2,4,3,9,2,At risk
18191,262,2,529.4,2,3,2,7,0,Lost
18192,72,1,957.97,3,2,3,8,1,Promising
18193,166,3,1207.35,3,3,4,10,2,At risk
18194,83,6,4084.2,3,4,5,12,2,At risk
18195,388,1,101.16,2,2,1,5,0,Lost
18196,96,4,1455.27,3,4,4,11,2,At risk
18197,576,1,230.1,1,2,1,4,0,Lost
18198,5,17,5425.56,5,5,5,15,3,Champions
18199,684,1,344.75,1,2,2,5,0,Lost
18200,107,1,150.35,3,2,1,6,0,Lost
18201,723,1,447.53,1,2,2,5,0,Lost
18202,200,3,1396.99,2,3,4,9,2,At risk
18203,158,4,482.52,3,4,2,9,2,At risk
18204,72,3,1960.95,3,3,4,10,2,At risk
18205,37,2,517.36,4,3,2,9,1,Promising
18206,554,1,314.66,1,2,2,5,0,Lost
18207,500,1,515.32,1,2,2,5,0,Lost
18208,566,1,360.08,1,2,2,5,0,Lost
18209,29,1,139.10000000000002,4,2,1,7,1,Promising
18210,2,7,2768.83,5,4,4,13,3,Champions
18211,26,5,600.07,4,4,3,11,1,Promising
18212,327,2,514.37,2,3,2,7,0,Lost
18213,237,1,232.48,2,2,1,5,0,Lost
18214,531,4,1770.39,1,4,4,9,2,At risk
18215,90,5,2232.49,3,4,4,11,2,At risk
18216,32,1,481.75,4,2,2,8,1,Promising
18217,30,4,945.04,4,4,3,11,1,Promising
18218,212,4,1096.04,2,4,3,9,2,At risk
18219,3,17,3302.7000000000003,5,5,5,15,3,Champions
18220,227,6,1921.76,2,4,4,10,2,At risk
18221,23,6,1378.64,4,4,4,12,1,Promising
18222,93,1,443.0,3,2,2,7,0,Lost
18223,5,26,13910.51,5,5,5,15,3,Champions
18224,264,1,158.95000000000002,2,2,1,5,0,Lost
18225,4,26,12986.75,5,5,5,15,3,Champions
18226,45,26,11835.38,4,5,5,14,3,Champions
18227,218,1,93.75,2,2,1,5,0,Lost
18228,57,2,779.9,4,3,3,10,1,Promising
18229,12,28,10150.51,5,5,5,15,3,Champions
18230,10,9,4291.06,5,5,5,15,3,Champions
18231,193,28,6817.57,2,5,5,12,3,Champions
18232,82,4,592.97,3,4,2,9,2,At risk
18233,326,1,440.0,2,2,2,6,0,Lost
18234,552,1,179.6,1,2,1,4,0,Lost
18235,72,3,1796.48,3,3,4,10,2,At risk
18236,30,12,1795.35,4,5,4,13,3,Champions
18237,3,5,987.1,5,4,3,12,1,Promising
18238,516,1,270.92,1,2,1,4,0,Lost
18239,219,6,1712.26,2,4,4,10,2,At risk
18240,47,1,422.58,4,2,2,8,1,Promising
18241,10,21,2954.09,5,5,5,15,3,Champions
18242,73,8,3605.21,3,5,5,13,2,At risk
18243,415,1,515.78,1,2,2,5,0,Lost
18244,431,2,568.64,1,3,2,6,0,Lost
18245,8,20,6309.68,5,5,5,15,3,Champions
18246,24,3,758.8199999999999,4,3,3,10,1,Promising
18247,415,3,790.73,1,3,3,7,2,At risk
18248,123,2,804.02,3,3,3,9,2,At risk
18249,18,1,95.34,5,2,1,8,1,Promising
18250,311,1,349.27,2,2,2,6,0,Lost
18251,88,9,26278.86,3,5,5,13,3,Champions
18252,51,7,1533.69,4,4,4,12,2,At risk
18253,643,1,317.88,1,2,2,5,0,Lost
18254,582,1,267.9,1,2,1,4,0,Lost
18255,90,2,303.15,3,3,2,8,0,Lost
18256,388,1,84.89999999999999,2,2,1,5,0,Lost
18257,40,11,4534.75,4,5,5,14,3,Champions
18258,465,6,2049.7200000000003,1,4,4,9,2,At risk
18259,25,7,3941.9,4,4,5,13,3,Champions
18260,173,23,9904.31,3,5,5,13,3,Champions
18261,44,2,324.24,4,3,2,9,1,Promising
18262,141,3,577.54,3,3,2,8,2,At risk
18263,26,3,1213.16,4,3,4,11,1,Promising
18264,499,1,603.25,1,2,3,6,0,Lost
18265,73,2,801.51,3,3,3,9,1,Promising
18266,435,1,251.1,1,2,1,4,0,Lost
18267,673,1,269.37,1,2,1,4,0,Lost
18268,135,6,1464.73,3,4,4,11,2,At risk
18269,367,1,138.9,2,2,1,5,0,Lost
18270,39,3,406.3,4,3,2,9,1,Promising
18271,610,2,680.85,1,3,3,7,0,Lost
18272,3,9,4366.08,5,5,5,15,3,Champions
18273,3,4,357.0,5,4,2,11,1,Promising
18275,579,2,741.85,1,3,3,7,0,Lost
18276,44,6,1641.67,4,4,4,12,2,At risk
18277,59,5,1167.3,3,4,3,10,2,At risk
18278,74,2,414.2000000000001,3,3,2,8,1,Promising
18279,520,1,231.34,1,2,1,4,0,Lost
18280,278,2,488.15,2,3,2,7,0,Lost
18281,181,2,201.14,3,3,1,7,0,Lost
18282,8,2,178.05,5,3,1,9,1,Promising
18283,4,22,2658.95,5,5,4,14,3,Champions
18284,432,1,411.68,1,2,2,5,0,Lost
18285,661,1,377.0,1,2,2,5,0,Lost
18286,477,2,1246.43,1,3,4,8,2,At risk
18287,43,7,4132.99,4,4,5,13,3,Champions
